Unrecognized option: --enable-native-access=ALL-UNNAMED
Error: Could not create the Java Virtual Machine.
Error: A fatal exception has occurred. Program will exit.
Unrecognized option: --enable-native-access=ALL-UNNAMED
Error: Could not create the Java Virtual Machine.
Error: A fatal exception has occurred. Program will exit.
06-Feb-2026 16:43:29.928 INFOS [main] org.apache.catalina.startup.VersionLoggerListener.log Nom version serveur :              Apache Tomcat/11.0.1
06-Feb-2026 16:43:29.930 INFOS [main] org.apache.catalina.startup.VersionLoggerListener.log Serveur compilé :                  Nov 6 2024 19:08:24 UTC
06-Feb-2026 16:43:29.930 INFOS [main] org.apache.catalina.startup.VersionLoggerListener.log Version du serveur :               11.0.1.0
06-Feb-2026 16:43:29.930 INFOS [main] org.apache.catalina.startup.VersionLoggerListener.log Nom de l'OS :                      Linux
06-Feb-2026 16:43:29.930 INFOS [main] org.apache.catalina.startup.VersionLoggerListener.log Version OS :                       6.14.0-37-generic
06-Feb-2026 16:43:29.930 INFOS [main] org.apache.catalina.startup.VersionLoggerListener.log Architecture :                     amd64
06-Feb-2026 16:43:29.930 INFOS [main] org.apache.catalina.startup.VersionLoggerListener.log Java Home :                        /usr/lib/jvm/java-17-openjdk-amd64
06-Feb-2026 16:43:29.930 INFOS [main] org.apache.catalina.startup.VersionLoggerListener.log Version JVM :                      17.0.18+8-Ubuntu-124.04.1
06-Feb-2026 16:43:29.931 INFOS [main] org.apache.catalina.startup.VersionLoggerListener.log Fournisseur de la JVM :            Ubuntu
06-Feb-2026 16:43:29.931 INFOS [main] org.apache.catalina.startup.VersionLoggerListener.log CATALINA_BASE :                    /home/fek2775/Annee_2/AppWeb/TP1/apache-tomcat-11.0.1
06-Feb-2026 16:43:29.931 INFOS [main] org.apache.catalina.startup.VersionLoggerListener.log CATALINA_HOME :                    /home/fek2775/Annee_2/AppWeb/TP1/apache-tomcat-11.0.1
06-Feb-2026 16:43:29.936 INFOS [main] org.apache.catalina.startup.VersionLoggerListener.log Argument de la ligne de commande : -Djava.util.logging.config.file=/home/fek2775/Annee_2/AppWeb/TP1/apache-tomcat-11.0.1/conf/logging.properties
06-Feb-2026 16:43:29.936 INFOS [main] org.apache.catalina.startup.VersionLoggerListener.log Argument de la ligne de commande : -Djava.util.logging.manager=org.apache.juli.ClassLoaderLogManager
06-Feb-2026 16:43:29.936 INFOS [main] org.apache.catalina.startup.VersionLoggerListener.log Argument de la ligne de commande : -Djdk.tls.ephemeralDHKeySize=2048
06-Feb-2026 16:43:29.936 INFOS [main] org.apache.catalina.startup.VersionLoggerListener.log Argument de la ligne de commande : -Dorg.apache.catalina.security.SecurityListener.UMASK=0027
06-Feb-2026 16:43:29.936 INFOS [main] org.apache.catalina.startup.VersionLoggerListener.log Argument de la ligne de commande : --add-opens=java.base/java.lang=ALL-UNNAMED
06-Feb-2026 16:43:29.936 INFOS [main] org.apache.catalina.startup.VersionLoggerListener.log Argument de la ligne de commande : --add-opens=java.base/java.io=ALL-UNNAMED
06-Feb-2026 16:43:29.937 INFOS [main] org.apache.catalina.startup.VersionLoggerListener.log Argument de la ligne de commande : --add-opens=java.base/java.util=ALL-UNNAMED
06-Feb-2026 16:43:29.937 INFOS [main] org.apache.catalina.startup.VersionLoggerListener.log Argument de la ligne de commande : --add-opens=java.base/java.util.concurrent=ALL-UNNAMED
06-Feb-2026 16:43:29.937 INFOS [main] org.apache.catalina.startup.VersionLoggerListener.log Argument de la ligne de commande : --add-opens=java.rmi/sun.rmi.transport=ALL-UNNAMED
06-Feb-2026 16:43:29.937 INFOS [main] org.apache.catalina.startup.VersionLoggerListener.log Argument de la ligne de commande : --enable-native-access=ALL-UNNAMED
06-Feb-2026 16:43:29.937 INFOS [main] org.apache.catalina.startup.VersionLoggerListener.log Argument de la ligne de commande : -Dcatalina.base=/home/fek2775/Annee_2/AppWeb/TP1/apache-tomcat-11.0.1
06-Feb-2026 16:43:29.937 INFOS [main] org.apache.catalina.startup.VersionLoggerListener.log Argument de la ligne de commande : -Dcatalina.home=/home/fek2775/Annee_2/AppWeb/TP1/apache-tomcat-11.0.1
06-Feb-2026 16:43:29.937 INFOS [main] org.apache.catalina.startup.VersionLoggerListener.log Argument de la ligne de commande : -Djava.io.tmpdir=/home/fek2775/Annee_2/AppWeb/TP1/apache-tomcat-11.0.1/temp
06-Feb-2026 16:43:29.941 INFOS [main] org.apache.catalina.core.AprLifecycleListener.lifecycleEvent La librairie Apache Tomcat Native basée sur APR qui permet des performances optimales dans les environnements de production n'a pas été trouvée sur le java.library.path : [/usr/java/packages/lib:/usr/lib/x86_64-linux-gnu/jni:/lib/x86_64-linux-gnu:/usr/lib/x86_64-linux-gnu:/usr/lib/jni:/lib:/usr/lib]
06-Feb-2026 16:43:30.063 INFOS [main] org.apache.coyote.AbstractProtocol.init Initialisation du gestionnaire de protocole ["http-nio-8080"]
06-Feb-2026 16:43:30.074 INFOS [main] org.apache.catalina.startup.Catalina.load L'initialisation du serveur a pris [318] millisecondes
06-Feb-2026 16:43:30.102 INFOS [main] org.apache.catalina.core.StandardService.startInternal Démarrage du service [Catalina]
06-Feb-2026 16:43:30.102 INFOS [main] org.apache.catalina.core.StandardEngine.startInternal Démarrage du moteur de Servlets : [Apache Tomcat/11.0.1]
06-Feb-2026 16:43:30.125 INFOS [main] org.apache.catalina.startup.HostConfig.deployDirectory Déploiement du répertoire d'application web [/home/fek2775/Annee_2/AppWeb/TP1/apache-tomcat-11.0.1/webapps/ROOT]
06-Feb-2026 16:43:30.382 INFOS [main] org.apache.catalina.startup.HostConfig.deployDirectory Le déploiement du répertoire [/home/fek2775/Annee_2/AppWeb/TP1/apache-tomcat-11.0.1/webapps/ROOT] de l'application web s'est terminé en [255] ms
06-Feb-2026 16:43:30.382 INFOS [main] org.apache.catalina.startup.HostConfig.deployDirectory Déploiement du répertoire d'application web [/home/fek2775/Annee_2/AppWeb/TP1/apache-tomcat-11.0.1/webapps/manager]
06-Feb-2026 16:43:30.434 INFOS [main] org.apache.catalina.startup.HostConfig.deployDirectory Le déploiement du répertoire [/home/fek2775/Annee_2/AppWeb/TP1/apache-tomcat-11.0.1/webapps/manager] de l'application web s'est terminé en [52] ms
06-Feb-2026 16:43:30.434 INFOS [main] org.apache.catalina.startup.HostConfig.deployDirectory Déploiement du répertoire d'application web [/home/fek2775/Annee_2/AppWeb/TP1/apache-tomcat-11.0.1/webapps/examples]
06-Feb-2026 16:43:31.162 INFOS [main] org.apache.catalina.startup.HostConfig.deployDirectory Le déploiement du répertoire [/home/fek2775/Annee_2/AppWeb/TP1/apache-tomcat-11.0.1/webapps/examples] de l'application web s'est terminé en [727] ms
06-Feb-2026 16:43:31.162 INFOS [main] org.apache.catalina.startup.HostConfig.deployDirectory Déploiement du répertoire d'application web [/home/fek2775/Annee_2/AppWeb/TP1/apache-tomcat-11.0.1/webapps/docs]
06-Feb-2026 16:43:31.211 INFOS [main] org.apache.catalina.startup.HostConfig.deployDirectory Le déploiement du répertoire [/home/fek2775/Annee_2/AppWeb/TP1/apache-tomcat-11.0.1/webapps/docs] de l'application web s'est terminé en [49] ms
06-Feb-2026 16:43:31.211 INFOS [main] org.apache.catalina.startup.HostConfig.deployDirectory Déploiement du répertoire d'application web [/home/fek2775/Annee_2/AppWeb/TP1/apache-tomcat-11.0.1/webapps/host-manager]
06-Feb-2026 16:43:31.262 INFOS [main] org.apache.catalina.startup.HostConfig.deployDirectory Le déploiement du répertoire [/home/fek2775/Annee_2/AppWeb/TP1/apache-tomcat-11.0.1/webapps/host-manager] de l'application web s'est terminé en [51] ms
06-Feb-2026 16:43:31.265 INFOS [main] org.apache.coyote.AbstractProtocol.start Démarrage du gestionnaire de protocole ["http-nio-8080"]
06-Feb-2026 16:43:31.281 INFOS [main] org.apache.catalina.startup.Catalina.start Le démarrage du serveur a pris [1206] millisecondes
06-Feb-2026 16:55:22.375 INFOS [Catalina-utility-2] org.apache.catalina.startup.HostConfig.deployWAR Déploiement de l'archive [/home/fek2775/Annee_2/AppWeb/TP1/apache-tomcat-11.0.1/webapps/hello.war] de l'application web
06-Feb-2026 16:55:23.805 INFOS [Catalina-utility-2] org.apache.catalina.startup.HostConfig.deployWAR Le déploiement de l'archive de l'application web [/home/fek2775/Annee_2/AppWeb/TP1/apache-tomcat-11.0.1/webapps/hello.war] s'est terminé en [1 430] ms
06-Feb-2026 16:59:04.089 INFOS [Catalina-utility-1] org.apache.catalina.startup.HostConfig.undeploy Retrait de l'application web ayant pour chemin de contexte [/hello]
06-Feb-2026 16:59:04.327 INFOS [Catalina-utility-1] org.apache.catalina.startup.HostConfig.deployWAR Déploiement de l'archive [/home/fek2775/Annee_2/AppWeb/TP1/apache-tomcat-11.0.1/webapps/hello.war] de l'application web
06-Feb-2026 16:59:05.439 INFOS [Catalina-utility-1] org.apache.catalina.startup.HostConfig.deployWAR Le déploiement de l'archive de l'application web [/home/fek2775/Annee_2/AppWeb/TP1/apache-tomcat-11.0.1/webapps/hello.war] s'est terminé en [1 112] ms
06-Feb-2026 17:06:36.079 INFOS [Catalina-utility-2] org.apache.catalina.startup.HostConfig.undeploy Retrait de l'application web ayant pour chemin de contexte [/hello]
06-Feb-2026 17:06:36.357 INFOS [Catalina-utility-2] org.apache.catalina.startup.HostConfig.deployWAR Déploiement de l'archive [/home/fek2775/Annee_2/AppWeb/TP1/apache-tomcat-11.0.1/webapps/hello.war] de l'application web
06-Feb-2026 17:06:37.528 INFOS [Catalina-utility-2] org.apache.catalina.startup.HostConfig.deployWAR Le déploiement de l'archive de l'application web [/home/fek2775/Annee_2/AppWeb/TP1/apache-tomcat-11.0.1/webapps/hello.war] s'est terminé en [1 171] ms
06-Feb-2026 17:12:08.014 INFOS [Catalina-utility-1] org.apache.catalina.startup.HostConfig.undeploy Retrait de l'application web ayant pour chemin de contexte [/hello]
06-Feb-2026 17:12:08.290 INFOS [Catalina-utility-1] org.apache.catalina.startup.HostConfig.deployWAR Déploiement de l'archive [/home/fek2775/Annee_2/AppWeb/TP1/apache-tomcat-11.0.1/webapps/hello.war] de l'application web
06-Feb-2026 17:12:09.479 INFOS [Catalina-utility-1] org.apache.catalina.startup.HostConfig.deployWAR Le déploiement de l'archive de l'application web [/home/fek2775/Annee_2/AppWeb/TP1/apache-tomcat-11.0.1/webapps/hello.war] s'est terminé en [1 189] ms
06-Feb-2026 17:12:59.544 INFOS [Catalina-utility-1] org.apache.catalina.startup.HostConfig.undeploy Retrait de l'application web ayant pour chemin de contexte [/hello]
06-Feb-2026 17:12:59.892 INFOS [Catalina-utility-1] org.apache.catalina.startup.HostConfig.deployWAR Déploiement de l'archive [/home/fek2775/Annee_2/AppWeb/TP1/apache-tomcat-11.0.1/webapps/hello.war] de l'application web
06-Feb-2026 17:13:01.997 INFOS [Catalina-utility-1] org.apache.catalina.startup.HostConfig.deployWAR Le déploiement de l'archive de l'application web [/home/fek2775/Annee_2/AppWeb/TP1/apache-tomcat-11.0.1/webapps/hello.war] s'est terminé en [2 105] ms
06-Feb-2026 17:14:32.152 INFOS [Catalina-utility-1] org.apache.catalina.startup.HostConfig.undeploy Retrait de l'application web ayant pour chemin de contexte [/hello]
06-Feb-2026 17:14:32.410 INFOS [Catalina-utility-1] org.apache.catalina.startup.HostConfig.deployWAR Déploiement de l'archive [/home/fek2775/Annee_2/AppWeb/TP1/apache-tomcat-11.0.1/webapps/hello.war] de l'application web
06-Feb-2026 17:14:33.602 INFOS [Catalina-utility-1] org.apache.catalina.startup.HostConfig.deployWAR Le déploiement de l'archive de l'application web [/home/fek2775/Annee_2/AppWeb/TP1/apache-tomcat-11.0.1/webapps/hello.war] s'est terminé en [1 192] ms
06-Feb-2026 17:14:43.618 INFOS [Catalina-utility-2] org.apache.catalina.startup.HostConfig.undeploy Retrait de l'application web ayant pour chemin de contexte [/hello]
06-Feb-2026 17:14:43.847 INFOS [Catalina-utility-2] org.apache.catalina.startup.HostConfig.deployWAR Déploiement de l'archive [/home/fek2775/Annee_2/AppWeb/TP1/apache-tomcat-11.0.1/webapps/hello.war] de l'application web
06-Feb-2026 17:14:44.986 INFOS [Catalina-utility-2] org.apache.catalina.startup.HostConfig.deployWAR Le déploiement de l'archive de l'application web [/home/fek2775/Annee_2/AppWeb/TP1/apache-tomcat-11.0.1/webapps/hello.war] s'est terminé en [1 139] ms
06-Feb-2026 17:15:05.014 INFOS [Catalina-utility-2] org.apache.catalina.startup.HostConfig.undeploy Retrait de l'application web ayant pour chemin de contexte [/hello]
06-Feb-2026 17:15:05.242 INFOS [Catalina-utility-2] org.apache.catalina.startup.HostConfig.deployWAR Déploiement de l'archive [/home/fek2775/Annee_2/AppWeb/TP1/apache-tomcat-11.0.1/webapps/hello.war] de l'application web
06-Feb-2026 17:15:06.419 INFOS [Catalina-utility-2] org.apache.catalina.startup.HostConfig.deployWAR Le déploiement de l'archive de l'application web [/home/fek2775/Annee_2/AppWeb/TP1/apache-tomcat-11.0.1/webapps/hello.war] s'est terminé en [1 177] ms
06-Feb-2026 17:16:36.610 INFOS [Catalina-utility-1] org.apache.catalina.startup.HostConfig.undeploy Retrait de l'application web ayant pour chemin de contexte [/hello]
06-Feb-2026 17:16:46.879 INFOS [Catalina-utility-2] org.apache.catalina.startup.HostConfig.deployWAR Déploiement de l'archive [/home/fek2775/Annee_2/AppWeb/TP1/apache-tomcat-11.0.1/webapps/hello.war] de l'application web
06-Feb-2026 17:16:48.182 INFOS [Catalina-utility-2] org.apache.catalina.startup.HostConfig.deployWAR Le déploiement de l'archive de l'application web [/home/fek2775/Annee_2/AppWeb/TP1/apache-tomcat-11.0.1/webapps/hello.war] s'est terminé en [1 303] ms
06-Feb-2026 17:17:18.242 INFOS [Catalina-utility-2] org.apache.catalina.startup.HostConfig.undeploy Retrait de l'application web ayant pour chemin de contexte [/hello]
06-Feb-2026 17:17:38.567 INFOS [Catalina-utility-2] org.apache.catalina.startup.HostConfig.deployWAR Déploiement de l'archive [/home/fek2775/Annee_2/AppWeb/TP1/apache-tomcat-11.0.1/webapps/hello.war] de l'application web
06-Feb-2026 17:17:39.748 INFOS [Catalina-utility-2] org.apache.catalina.startup.HostConfig.deployWAR Le déploiement de l'archive de l'application web [/home/fek2775/Annee_2/AppWeb/TP1/apache-tomcat-11.0.1/webapps/hello.war] s'est terminé en [1 180] ms
06-Feb-2026 17:18:39.840 INFOS [Catalina-utility-2] org.apache.catalina.startup.HostConfig.undeploy Retrait de l'application web ayant pour chemin de contexte [/hello]
06-Feb-2026 17:18:40.081 INFOS [Catalina-utility-2] org.apache.catalina.startup.HostConfig.deployWAR Déploiement de l'archive [/home/fek2775/Annee_2/AppWeb/TP1/apache-tomcat-11.0.1/webapps/hello.war] de l'application web
06-Feb-2026 17:18:41.279 INFOS [Catalina-utility-2] org.apache.catalina.startup.HostConfig.deployWAR Le déploiement de l'archive de l'application web [/home/fek2775/Annee_2/AppWeb/TP1/apache-tomcat-11.0.1/webapps/hello.war] s'est terminé en [1 198] ms
06-Feb-2026 17:19:01.309 INFOS [Catalina-utility-1] org.apache.catalina.startup.HostConfig.undeploy Retrait de l'application web ayant pour chemin de contexte [/hello]
06-Feb-2026 17:19:11.631 INFOS [Catalina-utility-1] org.apache.catalina.startup.HostConfig.deployWAR Déploiement de l'archive [/home/fek2775/Annee_2/AppWeb/TP1/apache-tomcat-11.0.1/webapps/hello.war] de l'application web
06-Feb-2026 17:19:12.802 INFOS [Catalina-utility-1] org.apache.catalina.startup.HostConfig.deployWAR Le déploiement de l'archive de l'application web [/home/fek2775/Annee_2/AppWeb/TP1/apache-tomcat-11.0.1/webapps/hello.war] s'est terminé en [1 171] ms
06-Feb-2026 17:19:32.842 INFOS [Catalina-utility-1] org.apache.catalina.startup.HostConfig.undeploy Retrait de l'application web ayant pour chemin de contexte [/hello]
06-Feb-2026 17:19:43.110 INFOS [Catalina-utility-2] org.apache.catalina.startup.HostConfig.deployWAR Déploiement de l'archive [/home/fek2775/Annee_2/AppWeb/TP1/apache-tomcat-11.0.1/webapps/hello.war] de l'application web
06-Feb-2026 17:19:44.338 INFOS [Catalina-utility-2] org.apache.catalina.startup.HostConfig.deployWAR Le déploiement de l'archive de l'application web [/home/fek2775/Annee_2/AppWeb/TP1/apache-tomcat-11.0.1/webapps/hello.war] s'est terminé en [1 228] ms
06-Feb-2026 17:26:14.891 INFOS [Catalina-utility-2] org.apache.catalina.startup.HostConfig.undeploy Retrait de l'application web ayant pour chemin de contexte [/hello]
06-Feb-2026 17:26:15.149 INFOS [Catalina-utility-2] org.apache.catalina.startup.HostConfig.deployWAR Déploiement de l'archive [/home/fek2775/Annee_2/AppWeb/TP1/apache-tomcat-11.0.1/webapps/hello.war] de l'application web
06-Feb-2026 17:26:16.460 INFOS [Catalina-utility-2] org.apache.catalina.startup.HostConfig.deployWAR Le déploiement de l'archive de l'application web [/home/fek2775/Annee_2/AppWeb/TP1/apache-tomcat-11.0.1/webapps/hello.war] s'est terminé en [1 311] ms
06-Feb-2026 17:29:36.768 INFOS [Catalina-utility-2] org.apache.catalina.startup.HostConfig.undeploy Retrait de l'application web ayant pour chemin de contexte [/hello]
06-Feb-2026 17:29:37.103 INFOS [Catalina-utility-2] org.apache.catalina.startup.HostConfig.deployWAR Déploiement de l'archive [/home/fek2775/Annee_2/AppWeb/TP1/apache-tomcat-11.0.1/webapps/hello.war] de l'application web
06-Feb-2026 17:29:38.380 INFOS [Catalina-utility-2] org.apache.catalina.startup.HostConfig.deployWAR Le déploiement de l'archive de l'application web [/home/fek2775/Annee_2/AppWeb/TP1/apache-tomcat-11.0.1/webapps/hello.war] s'est terminé en [1 276] ms
06-Feb-2026 17:29:48.409 INFOS [Catalina-utility-1] org.apache.catalina.startup.HostConfig.undeploy Retrait de l'application web ayant pour chemin de contexte [/hello]
06-Feb-2026 17:29:48.704 INFOS [Catalina-utility-1] org.apache.catalina.startup.HostConfig.deployWAR Déploiement de l'archive [/home/fek2775/Annee_2/AppWeb/TP1/apache-tomcat-11.0.1/webapps/hello.war] de l'application web
06-Feb-2026 17:29:49.894 INFOS [Catalina-utility-1] org.apache.catalina.startup.HostConfig.deployWAR Le déploiement de l'archive de l'application web [/home/fek2775/Annee_2/AppWeb/TP1/apache-tomcat-11.0.1/webapps/hello.war] s'est terminé en [1 190] ms
06-Feb-2026 17:33:50.237 INFOS [Catalina-utility-2] org.apache.catalina.startup.HostConfig.undeploy Retrait de l'application web ayant pour chemin de contexte [/hello]
06-Feb-2026 17:33:50.552 INFOS [Catalina-utility-2] org.apache.catalina.startup.HostConfig.deployWAR Déploiement de l'archive [/home/fek2775/Annee_2/AppWeb/TP1/apache-tomcat-11.0.1/webapps/hello.war] de l'application web
06-Feb-2026 17:33:51.879 INFOS [Catalina-utility-2] org.apache.catalina.startup.HostConfig.deployWAR Le déploiement de l'archive de l'application web [/home/fek2775/Annee_2/AppWeb/TP1/apache-tomcat-11.0.1/webapps/hello.war] s'est terminé en [1 327] ms
13-Feb-2026 08:22:04.779 INFOS [main] org.apache.catalina.startup.VersionLoggerListener.log Nom version serveur :              Apache Tomcat/11.0.1
13-Feb-2026 08:22:04.780 INFOS [main] org.apache.catalina.startup.VersionLoggerListener.log Serveur compilé :                  Nov 6 2024 19:08:24 UTC
13-Feb-2026 08:22:04.781 INFOS [main] org.apache.catalina.startup.VersionLoggerListener.log Version du serveur :               11.0.1.0
13-Feb-2026 08:22:04.781 INFOS [main] org.apache.catalina.startup.VersionLoggerListener.log Nom de l'OS :                      Linux
13-Feb-2026 08:22:04.781 INFOS [main] org.apache.catalina.startup.VersionLoggerListener.log Version OS :                       6.14.0-37-generic
13-Feb-2026 08:22:04.781 INFOS [main] org.apache.catalina.startup.VersionLoggerListener.log Architecture :                     amd64
13-Feb-2026 08:22:04.781 INFOS [main] org.apache.catalina.startup.VersionLoggerListener.log Java Home :                        /usr/lib/jvm/java-17-openjdk-amd64
13-Feb-2026 08:22:04.781 INFOS [main] org.apache.catalina.startup.VersionLoggerListener.log Version JVM :                      17.0.18+8-Ubuntu-124.04.1
13-Feb-2026 08:22:04.781 INFOS [main] org.apache.catalina.startup.VersionLoggerListener.log Fournisseur de la JVM :            Ubuntu
13-Feb-2026 08:22:04.781 INFOS [main] org.apache.catalina.startup.VersionLoggerListener.log CATALINA_BASE :                    /home/fek2775/Annee_2/AppWeb/TP1/apache-tomcat-11.0.1
13-Feb-2026 08:22:04.781 INFOS [main] org.apache.catalina.startup.VersionLoggerListener.log CATALINA_HOME :                    /home/fek2775/Annee_2/AppWeb/TP1/apache-tomcat-11.0.1
13-Feb-2026 08:22:04.788 INFOS [main] org.apache.catalina.startup.VersionLoggerListener.log Argument de la ligne de commande : -Djava.util.logging.config.file=/home/fek2775/Annee_2/AppWeb/TP1/apache-tomcat-11.0.1/conf/logging.properties
13-Feb-2026 08:22:04.788 INFOS [main] org.apache.catalina.startup.VersionLoggerListener.log Argument de la ligne de commande : -Djava.util.logging.manager=org.apache.juli.ClassLoaderLogManager
13-Feb-2026 08:22:04.789 INFOS [main] org.apache.catalina.startup.VersionLoggerListener.log Argument de la ligne de commande : -Djdk.tls.ephemeralDHKeySize=2048
13-Feb-2026 08:22:04.789 INFOS [main] org.apache.catalina.startup.VersionLoggerListener.log Argument de la ligne de commande : -Dorg.apache.catalina.security.SecurityListener.UMASK=0027
13-Feb-2026 08:22:04.789 INFOS [main] org.apache.catalina.startup.VersionLoggerListener.log Argument de la ligne de commande : --add-opens=java.base/java.lang=ALL-UNNAMED
13-Feb-2026 08:22:04.789 INFOS [main] org.apache.catalina.startup.VersionLoggerListener.log Argument de la ligne de commande : --add-opens=java.base/java.io=ALL-UNNAMED
13-Feb-2026 08:22:04.789 INFOS [main] org.apache.catalina.startup.VersionLoggerListener.log Argument de la ligne de commande : --add-opens=java.base/java.util=ALL-UNNAMED
13-Feb-2026 08:22:04.789 INFOS [main] org.apache.catalina.startup.VersionLoggerListener.log Argument de la ligne de commande : --add-opens=java.base/java.util.concurrent=ALL-UNNAMED
13-Feb-2026 08:22:04.789 INFOS [main] org.apache.catalina.startup.VersionLoggerListener.log Argument de la ligne de commande : --add-opens=java.rmi/sun.rmi.transport=ALL-UNNAMED
13-Feb-2026 08:22:04.789 INFOS [main] org.apache.catalina.startup.VersionLoggerListener.log Argument de la ligne de commande : --enable-native-access=ALL-UNNAMED
13-Feb-2026 08:22:04.789 INFOS [main] org.apache.catalina.startup.VersionLoggerListener.log Argument de la ligne de commande : -Dcatalina.base=/home/fek2775/Annee_2/AppWeb/TP1/apache-tomcat-11.0.1
13-Feb-2026 08:22:04.789 INFOS [main] org.apache.catalina.startup.VersionLoggerListener.log Argument de la ligne de commande : -Dcatalina.home=/home/fek2775/Annee_2/AppWeb/TP1/apache-tomcat-11.0.1
13-Feb-2026 08:22:04.789 INFOS [main] org.apache.catalina.startup.VersionLoggerListener.log Argument de la ligne de commande : -Djava.io.tmpdir=/home/fek2775/Annee_2/AppWeb/TP1/apache-tomcat-11.0.1/temp
13-Feb-2026 08:22:04.794 INFOS [main] org.apache.catalina.core.AprLifecycleListener.lifecycleEvent La librairie Apache Tomcat Native basée sur APR qui permet des performances optimales dans les environnements de production n'a pas été trouvée sur le java.library.path : [/usr/java/packages/lib:/usr/lib/x86_64-linux-gnu/jni:/lib/x86_64-linux-gnu:/usr/lib/x86_64-linux-gnu:/usr/lib/jni:/lib:/usr/lib]
13-Feb-2026 08:22:04.894 INFOS [main] org.apache.coyote.AbstractProtocol.init Initialisation du gestionnaire de protocole ["http-nio-8080"]
13-Feb-2026 08:22:04.909 INFOS [main] org.apache.catalina.startup.Catalina.load L'initialisation du serveur a pris [306] millisecondes
13-Feb-2026 08:22:04.937 INFOS [main] org.apache.catalina.core.StandardService.startInternal Démarrage du service [Catalina]
13-Feb-2026 08:22:04.937 INFOS [main] org.apache.catalina.core.StandardEngine.startInternal Démarrage du moteur de Servlets : [Apache Tomcat/11.0.1]
13-Feb-2026 08:22:05.006 INFOS [main] org.apache.catalina.startup.HostConfig.deployWAR Déploiement de l'archive [/home/fek2775/Annee_2/AppWeb/TP1/apache-tomcat-11.0.1/webapps/hello.war] de l'application web
13-Feb-2026 08:22:05.753 INFOS [main] org.apache.catalina.startup.HostConfig.deployWAR Le déploiement de l'archive de l'application web [/home/fek2775/Annee_2/AppWeb/TP1/apache-tomcat-11.0.1/webapps/hello.war] s'est terminé en [746] ms
13-Feb-2026 08:22:05.753 INFOS [main] org.apache.catalina.startup.HostConfig.deployDirectory Déploiement du répertoire d'application web [/home/fek2775/Annee_2/AppWeb/TP1/apache-tomcat-11.0.1/webapps/ROOT]
13-Feb-2026 08:22:05.794 INFOS [main] org.apache.catalina.startup.HostConfig.deployDirectory Le déploiement du répertoire [/home/fek2775/Annee_2/AppWeb/TP1/apache-tomcat-11.0.1/webapps/ROOT] de l'application web s'est terminé en [41] ms
13-Feb-2026 08:22:05.794 INFOS [main] org.apache.catalina.startup.HostConfig.deployDirectory Déploiement du répertoire d'application web [/home/fek2775/Annee_2/AppWeb/TP1/apache-tomcat-11.0.1/webapps/manager]
13-Feb-2026 08:22:05.890 INFOS [main] org.apache.catalina.startup.HostConfig.deployDirectory Le déploiement du répertoire [/home/fek2775/Annee_2/AppWeb/TP1/apache-tomcat-11.0.1/webapps/manager] de l'application web s'est terminé en [96] ms
13-Feb-2026 08:22:05.890 INFOS [main] org.apache.catalina.startup.HostConfig.deployDirectory Déploiement du répertoire d'application web [/home/fek2775/Annee_2/AppWeb/TP1/apache-tomcat-11.0.1/webapps/examples]
13-Feb-2026 08:22:06.639 INFOS [main] org.apache.catalina.startup.HostConfig.deployDirectory Le déploiement du répertoire [/home/fek2775/Annee_2/AppWeb/TP1/apache-tomcat-11.0.1/webapps/examples] de l'application web s'est terminé en [749] ms
13-Feb-2026 08:22:06.639 INFOS [main] org.apache.catalina.startup.HostConfig.deployDirectory Déploiement du répertoire d'application web [/home/fek2775/Annee_2/AppWeb/TP1/apache-tomcat-11.0.1/webapps/docs]
13-Feb-2026 08:22:06.690 INFOS [main] org.apache.catalina.startup.HostConfig.deployDirectory Le déploiement du répertoire [/home/fek2775/Annee_2/AppWeb/TP1/apache-tomcat-11.0.1/webapps/docs] de l'application web s'est terminé en [51] ms
13-Feb-2026 08:22:06.690 INFOS [main] org.apache.catalina.startup.HostConfig.deployDirectory Déploiement du répertoire d'application web [/home/fek2775/Annee_2/AppWeb/TP1/apache-tomcat-11.0.1/webapps/host-manager]
13-Feb-2026 08:22:06.742 INFOS [main] org.apache.catalina.startup.HostConfig.deployDirectory Le déploiement du répertoire [/home/fek2775/Annee_2/AppWeb/TP1/apache-tomcat-11.0.1/webapps/host-manager] de l'application web s'est terminé en [52] ms
13-Feb-2026 08:22:06.744 INFOS [main] org.apache.coyote.AbstractProtocol.start Démarrage du gestionnaire de protocole ["http-nio-8080"]
13-Feb-2026 08:22:06.748 INFOS [main] org.apache.catalina.startup.Catalina.start Le démarrage du serveur a pris [1839] millisecondes
13-Feb-2026 08:23:36.921 INFOS [Catalina-utility-2] org.apache.catalina.startup.HostConfig.undeploy Retrait de l'application web ayant pour chemin de contexte [/hello]
13-Feb-2026 08:23:37.341 INFOS [Catalina-utility-2] org.apache.catalina.startup.HostConfig.deployWAR Déploiement de l'archive [/home/fek2775/Annee_2/AppWeb/TP1/apache-tomcat-11.0.1/webapps/hello.war] de l'application web
13-Feb-2026 08:23:38.987 INFOS [Catalina-utility-2] org.apache.catalina.startup.HostConfig.deployWAR Le déploiement de l'archive de l'application web [/home/fek2775/Annee_2/AppWeb/TP1/apache-tomcat-11.0.1/webapps/hello.war] s'est terminé en [1 646] ms
13-Feb-2026 08:54:51.686 INFOS [Catalina-utility-1] org.apache.catalina.startup.HostConfig.deployWAR Déploiement de l'archive [/home/fek2775/Annee_2/AppWeb/TP1/apache-tomcat-11.0.1/webapps/annuaire.war] de l'application web
13-Feb-2026 08:54:51.907 INFOS [Catalina-utility-1] org.apache.catalina.startup.HostConfig.deployWAR Le déploiement de l'archive de l'application web [/home/fek2775/Annee_2/AppWeb/TP1/apache-tomcat-11.0.1/webapps/annuaire.war] s'est terminé en [221] ms
13-Feb-2026 09:05:02.767 INFOS [Catalina-utility-1] org.apache.catalina.startup.HostConfig.undeploy Retrait de l'application web ayant pour chemin de contexte [/annuaire]
13-Feb-2026 09:05:02.856 INFOS [Catalina-utility-1] org.apache.catalina.startup.HostConfig.deployWAR Déploiement de l'archive [/home/fek2775/Annee_2/AppWeb/TP1/apache-tomcat-11.0.1/webapps/annuaire.war] de l'application web
13-Feb-2026 09:05:03.990 INFOS [Catalina-utility-1] org.apache.catalina.startup.HostConfig.deployWAR Le déploiement de l'archive de l'application web [/home/fek2775/Annee_2/AppWeb/TP1/apache-tomcat-11.0.1/webapps/annuaire.war] s'est terminé en [1 134] ms
13-Feb-2026 09:06:54.129 INFOS [Catalina-utility-1] org.apache.catalina.startup.HostConfig.undeploy Retrait de l'application web ayant pour chemin de contexte [/annuaire]
13-Feb-2026 09:06:54.374 INFOS [Catalina-utility-1] org.apache.catalina.startup.HostConfig.deployWAR Déploiement de l'archive [/home/fek2775/Annee_2/AppWeb/TP1/apache-tomcat-11.0.1/webapps/annuaire.war] de l'application web
13-Feb-2026 09:06:55.465 INFOS [Catalina-utility-1] org.apache.catalina.startup.HostConfig.deployWAR Le déploiement de l'archive de l'application web [/home/fek2775/Annee_2/AppWeb/TP1/apache-tomcat-11.0.1/webapps/annuaire.war] s'est terminé en [1 090] ms
13-Feb-2026 09:38:37.902 INFOS [Catalina-utility-2] org.apache.catalina.startup.HostConfig.undeploy Retrait de l'application web ayant pour chemin de contexte [/annuaire]
13-Feb-2026 09:38:38.170 INFOS [Catalina-utility-2] org.apache.catalina.startup.HostConfig.deployWAR Déploiement de l'archive [/home/fek2775/Annee_2/AppWeb/TP1/apache-tomcat-11.0.1/webapps/annuaire.war] de l'application web
13-Feb-2026 09:38:39.502 INFOS [Catalina-utility-2] org.apache.catalina.startup.HostConfig.deployWAR Le déploiement de l'archive de l'application web [/home/fek2775/Annee_2/AppWeb/TP1/apache-tomcat-11.0.1/webapps/annuaire.war] s'est terminé en [1 332] ms
13-Feb-2026 09:41:39.750 INFOS [Catalina-utility-1] org.apache.catalina.startup.HostConfig.undeploy Retrait de l'application web ayant pour chemin de contexte [/annuaire]
13-Feb-2026 09:41:40.152 INFOS [Catalina-utility-1] org.apache.catalina.startup.HostConfig.deployWAR Déploiement de l'archive [/home/fek2775/Annee_2/AppWeb/TP1/apache-tomcat-11.0.1/webapps/annuaire.war] de l'application web
13-Feb-2026 09:41:41.905 INFOS [Catalina-utility-1] org.apache.catalina.startup.HostConfig.deployWAR Le déploiement de l'archive de l'application web [/home/fek2775/Annee_2/AppWeb/TP1/apache-tomcat-11.0.1/webapps/annuaire.war] s'est terminé en [1 753] ms
13-Feb-2026 09:46:32.439 INFOS [Catalina-utility-2] org.apache.catalina.startup.HostConfig.undeploy Retrait de l'application web ayant pour chemin de contexte [/annuaire]
13-Feb-2026 09:46:32.719 INFOS [Catalina-utility-2] org.apache.catalina.startup.HostConfig.deployWAR Déploiement de l'archive [/home/fek2775/Annee_2/AppWeb/TP1/apache-tomcat-11.0.1/webapps/annuaire.war] de l'application web
13-Feb-2026 09:46:33.863 INFOS [Catalina-utility-2] org.apache.catalina.startup.HostConfig.deployWAR Le déploiement de l'archive de l'application web [/home/fek2775/Annee_2/AppWeb/TP1/apache-tomcat-11.0.1/webapps/annuaire.war] s'est terminé en [1 143] ms
13-Feb-2026 09:46:53.892 INFOS [Catalina-utility-1] org.apache.catalina.startup.HostConfig.undeploy Retrait de l'application web ayant pour chemin de contexte [/annuaire]
13-Feb-2026 09:46:54.166 INFOS [Catalina-utility-1] org.apache.catalina.startup.HostConfig.deployWAR Déploiement de l'archive [/home/fek2775/Annee_2/AppWeb/TP1/apache-tomcat-11.0.1/webapps/annuaire.war] de l'application web
13-Feb-2026 09:46:55.446 INFOS [Catalina-utility-1] org.apache.catalina.startup.HostConfig.deployWAR Le déploiement de l'archive de l'application web [/home/fek2775/Annee_2/AppWeb/TP1/apache-tomcat-11.0.1/webapps/annuaire.war] s'est terminé en [1 281] ms
13-Feb-2026 09:50:55.773 INFOS [Catalina-utility-1] org.apache.catalina.startup.HostConfig.undeploy Retrait de l'application web ayant pour chemin de contexte [/annuaire]
13-Feb-2026 09:50:56.753 INFOS [Catalina-utility-1] org.apache.catalina.startup.HostConfig.deployWAR Déploiement de l'archive [/home/fek2775/Annee_2/AppWeb/TP1/apache-tomcat-11.0.1/webapps/annuaire.war] de l'application web
13-Feb-2026 09:50:57.902 INFOS [Catalina-utility-1] org.apache.catalina.startup.HostConfig.deployWAR Le déploiement de l'archive de l'application web [/home/fek2775/Annee_2/AppWeb/TP1/apache-tomcat-11.0.1/webapps/annuaire.war] s'est terminé en [1 149] ms
13-Feb-2026 09:52:28.042 INFOS [Catalina-utility-1] org.apache.catalina.startup.HostConfig.undeploy Retrait de l'application web ayant pour chemin de contexte [/annuaire]
13-Feb-2026 09:52:28.314 INFOS [Catalina-utility-1] org.apache.catalina.startup.HostConfig.deployWAR Déploiement de l'archive [/home/fek2775/Annee_2/AppWeb/TP1/apache-tomcat-11.0.1/webapps/annuaire.war] de l'application web
13-Feb-2026 09:52:29.523 INFOS [Catalina-utility-1] org.apache.catalina.startup.HostConfig.deployWAR Le déploiement de l'archive de l'application web [/home/fek2775/Annee_2/AppWeb/TP1/apache-tomcat-11.0.1/webapps/annuaire.war] s'est terminé en [1 208] ms
13-Feb-2026 09:57:09.937 INFOS [Catalina-utility-1] org.apache.catalina.startup.HostConfig.undeploy Retrait de l'application web ayant pour chemin de contexte [/annuaire]
13-Feb-2026 09:57:10.251 INFOS [Catalina-utility-1] org.apache.catalina.startup.HostConfig.deployWAR Déploiement de l'archive [/home/fek2775/Annee_2/AppWeb/TP1/apache-tomcat-11.0.1/webapps/annuaire.war] de l'application web
13-Feb-2026 09:57:11.436 INFOS [Catalina-utility-1] org.apache.catalina.startup.HostConfig.deployWAR Le déploiement de l'archive de l'application web [/home/fek2775/Annee_2/AppWeb/TP1/apache-tomcat-11.0.1/webapps/annuaire.war] s'est terminé en [1 185] ms
13-Feb-2026 09:59:21.652 INFOS [Catalina-utility-1] org.apache.catalina.startup.HostConfig.undeploy Retrait de l'application web ayant pour chemin de contexte [/annuaire]
13-Feb-2026 09:59:21.929 INFOS [Catalina-utility-1] org.apache.catalina.startup.HostConfig.deployWAR Déploiement de l'archive [/home/fek2775/Annee_2/AppWeb/TP1/apache-tomcat-11.0.1/webapps/annuaire.war] de l'application web
13-Feb-2026 09:59:23.080 INFOS [Catalina-utility-1] org.apache.catalina.startup.HostConfig.deployWAR Le déploiement de l'archive de l'application web [/home/fek2775/Annee_2/AppWeb/TP1/apache-tomcat-11.0.1/webapps/annuaire.war] s'est terminé en [1 151] ms
13-Feb-2026 10:00:43.216 INFOS [Catalina-utility-2] org.apache.catalina.startup.HostConfig.undeploy Retrait de l'application web ayant pour chemin de contexte [/annuaire]
13-Feb-2026 10:00:43.481 INFOS [Catalina-utility-2] org.apache.catalina.startup.HostConfig.deployWAR Déploiement de l'archive [/home/fek2775/Annee_2/AppWeb/TP1/apache-tomcat-11.0.1/webapps/annuaire.war] de l'application web
13-Feb-2026 10:00:44.694 INFOS [Catalina-utility-2] org.apache.catalina.startup.HostConfig.deployWAR Le déploiement de l'archive de l'application web [/home/fek2775/Annee_2/AppWeb/TP1/apache-tomcat-11.0.1/webapps/annuaire.war] s'est terminé en [1 213] ms
17-Feb-2026 14:06:09.794 INFOS [main] org.apache.catalina.startup.VersionLoggerListener.log Nom version serveur :              Apache Tomcat/11.0.1
17-Feb-2026 14:06:09.796 INFOS [main] org.apache.catalina.startup.VersionLoggerListener.log Serveur compilé :                  Nov 6 2024 19:08:24 UTC
17-Feb-2026 14:06:09.796 INFOS [main] org.apache.catalina.startup.VersionLoggerListener.log Version du serveur :               11.0.1.0
17-Feb-2026 14:06:09.796 INFOS [main] org.apache.catalina.startup.VersionLoggerListener.log Nom de l'OS :                      Linux
17-Feb-2026 14:06:09.796 INFOS [main] org.apache.catalina.startup.VersionLoggerListener.log Version OS :                       6.14.0-37-generic
17-Feb-2026 14:06:09.796 INFOS [main] org.apache.catalina.startup.VersionLoggerListener.log Architecture :                     amd64
17-Feb-2026 14:06:09.797 INFOS [main] org.apache.catalina.startup.VersionLoggerListener.log Java Home :                        /usr/lib/jvm/java-17-openjdk-amd64
17-Feb-2026 14:06:09.797 INFOS [main] org.apache.catalina.startup.VersionLoggerListener.log Version JVM :                      17.0.18+8-Ubuntu-124.04.1
17-Feb-2026 14:06:09.797 INFOS [main] org.apache.catalina.startup.VersionLoggerListener.log Fournisseur de la JVM :            Ubuntu
17-Feb-2026 14:06:09.797 INFOS [main] org.apache.catalina.startup.VersionLoggerListener.log CATALINA_BASE :                    /home/fek2775/Annee_2/AppWeb/TP1/apache-tomcat-11.0.1
17-Feb-2026 14:06:09.797 INFOS [main] org.apache.catalina.startup.VersionLoggerListener.log CATALINA_HOME :                    /home/fek2775/Annee_2/AppWeb/TP1/apache-tomcat-11.0.1
17-Feb-2026 14:06:09.803 INFOS [main] org.apache.catalina.startup.VersionLoggerListener.log Argument de la ligne de commande : -Djava.util.logging.config.file=/home/fek2775/Annee_2/AppWeb/TP1/apache-tomcat-11.0.1/conf/logging.properties
17-Feb-2026 14:06:09.803 INFOS [main] org.apache.catalina.startup.VersionLoggerListener.log Argument de la ligne de commande : -Djava.util.logging.manager=org.apache.juli.ClassLoaderLogManager
17-Feb-2026 14:06:09.803 INFOS [main] org.apache.catalina.startup.VersionLoggerListener.log Argument de la ligne de commande : -Djdk.tls.ephemeralDHKeySize=2048
17-Feb-2026 14:06:09.803 INFOS [main] org.apache.catalina.startup.VersionLoggerListener.log Argument de la ligne de commande : -Dorg.apache.catalina.security.SecurityListener.UMASK=0027
17-Feb-2026 14:06:09.803 INFOS [main] org.apache.catalina.startup.VersionLoggerListener.log Argument de la ligne de commande : --add-opens=java.base/java.lang=ALL-UNNAMED
17-Feb-2026 14:06:09.804 INFOS [main] org.apache.catalina.startup.VersionLoggerListener.log Argument de la ligne de commande : --add-opens=java.base/java.io=ALL-UNNAMED
17-Feb-2026 14:06:09.804 INFOS [main] org.apache.catalina.startup.VersionLoggerListener.log Argument de la ligne de commande : --add-opens=java.base/java.util=ALL-UNNAMED
17-Feb-2026 14:06:09.804 INFOS [main] org.apache.catalina.startup.VersionLoggerListener.log Argument de la ligne de commande : --add-opens=java.base/java.util.concurrent=ALL-UNNAMED
17-Feb-2026 14:06:09.804 INFOS [main] org.apache.catalina.startup.VersionLoggerListener.log Argument de la ligne de commande : --add-opens=java.rmi/sun.rmi.transport=ALL-UNNAMED
17-Feb-2026 14:06:09.804 INFOS [main] org.apache.catalina.startup.VersionLoggerListener.log Argument de la ligne de commande : --enable-native-access=ALL-UNNAMED
17-Feb-2026 14:06:09.804 INFOS [main] org.apache.catalina.startup.VersionLoggerListener.log Argument de la ligne de commande : -Dcatalina.base=/home/fek2775/Annee_2/AppWeb/TP1/apache-tomcat-11.0.1
17-Feb-2026 14:06:09.804 INFOS [main] org.apache.catalina.startup.VersionLoggerListener.log Argument de la ligne de commande : -Dcatalina.home=/home/fek2775/Annee_2/AppWeb/TP1/apache-tomcat-11.0.1
17-Feb-2026 14:06:09.804 INFOS [main] org.apache.catalina.startup.VersionLoggerListener.log Argument de la ligne de commande : -Djava.io.tmpdir=/home/fek2775/Annee_2/AppWeb/TP1/apache-tomcat-11.0.1/temp
17-Feb-2026 14:06:09.809 INFOS [main] org.apache.catalina.core.AprLifecycleListener.lifecycleEvent La librairie Apache Tomcat Native basée sur APR qui permet des performances optimales dans les environnements de production n'a pas été trouvée sur le java.library.path : [/usr/java/packages/lib:/usr/lib/x86_64-linux-gnu/jni:/lib/x86_64-linux-gnu:/usr/lib/x86_64-linux-gnu:/usr/lib/jni:/lib:/usr/lib]
17-Feb-2026 14:06:09.938 INFOS [main] org.apache.coyote.AbstractProtocol.init Initialisation du gestionnaire de protocole ["http-nio-8080"]
17-Feb-2026 14:06:09.952 INFOS [main] org.apache.catalina.startup.Catalina.load L'initialisation du serveur a pris [381] millisecondes
17-Feb-2026 14:06:09.998 INFOS [main] org.apache.catalina.core.StandardService.startInternal Démarrage du service [Catalina]
17-Feb-2026 14:06:09.998 INFOS [main] org.apache.catalina.core.StandardEngine.startInternal Démarrage du moteur de Servlets : [Apache Tomcat/11.0.1]
17-Feb-2026 14:06:10.058 INFOS [main] org.apache.catalina.startup.HostConfig.deployWAR Déploiement de l'archive [/home/fek2775/Annee_2/AppWeb/TP1/apache-tomcat-11.0.1/webapps/annuaire.war] de l'application web
17-Feb-2026 14:06:10.839 INFOS [main] org.apache.catalina.startup.HostConfig.deployWAR Le déploiement de l'archive de l'application web [/home/fek2775/Annee_2/AppWeb/TP1/apache-tomcat-11.0.1/webapps/annuaire.war] s'est terminé en [778] ms
17-Feb-2026 14:06:10.899 INFOS [main] org.apache.catalina.startup.HostConfig.deployWAR Déploiement de l'archive [/home/fek2775/Annee_2/AppWeb/TP1/apache-tomcat-11.0.1/webapps/hello.war] de l'application web
17-Feb-2026 14:06:11.648 INFOS [main] org.apache.catalina.startup.HostConfig.deployWAR Le déploiement de l'archive de l'application web [/home/fek2775/Annee_2/AppWeb/TP1/apache-tomcat-11.0.1/webapps/hello.war] s'est terminé en [749] ms
17-Feb-2026 14:06:11.648 INFOS [main] org.apache.catalina.startup.HostConfig.deployDirectory Déploiement du répertoire d'application web [/home/fek2775/Annee_2/AppWeb/TP1/apache-tomcat-11.0.1/webapps/ROOT]
17-Feb-2026 14:06:11.689 INFOS [main] org.apache.catalina.startup.HostConfig.deployDirectory Le déploiement du répertoire [/home/fek2775/Annee_2/AppWeb/TP1/apache-tomcat-11.0.1/webapps/ROOT] de l'application web s'est terminé en [41] ms
17-Feb-2026 14:06:11.689 INFOS [main] org.apache.catalina.startup.HostConfig.deployDirectory Déploiement du répertoire d'application web [/home/fek2775/Annee_2/AppWeb/TP1/apache-tomcat-11.0.1/webapps/manager]
17-Feb-2026 14:06:11.755 INFOS [main] org.apache.catalina.startup.HostConfig.deployDirectory Le déploiement du répertoire [/home/fek2775/Annee_2/AppWeb/TP1/apache-tomcat-11.0.1/webapps/manager] de l'application web s'est terminé en [66] ms
17-Feb-2026 14:06:11.756 INFOS [main] org.apache.catalina.startup.HostConfig.deployDirectory Déploiement du répertoire d'application web [/home/fek2775/Annee_2/AppWeb/TP1/apache-tomcat-11.0.1/webapps/examples]
17-Feb-2026 14:06:12.622 INFOS [main] org.apache.catalina.startup.HostConfig.deployDirectory Le déploiement du répertoire [/home/fek2775/Annee_2/AppWeb/TP1/apache-tomcat-11.0.1/webapps/examples] de l'application web s'est terminé en [866] ms
17-Feb-2026 14:06:12.622 INFOS [main] org.apache.catalina.startup.HostConfig.deployDirectory Déploiement du répertoire d'application web [/home/fek2775/Annee_2/AppWeb/TP1/apache-tomcat-11.0.1/webapps/docs]
17-Feb-2026 14:06:12.679 INFOS [main] org.apache.catalina.startup.HostConfig.deployDirectory Le déploiement du répertoire [/home/fek2775/Annee_2/AppWeb/TP1/apache-tomcat-11.0.1/webapps/docs] de l'application web s'est terminé en [57] ms
17-Feb-2026 14:06:12.680 INFOS [main] org.apache.catalina.startup.HostConfig.deployDirectory Déploiement du répertoire d'application web [/home/fek2775/Annee_2/AppWeb/TP1/apache-tomcat-11.0.1/webapps/host-manager]
17-Feb-2026 14:06:12.733 INFOS [main] org.apache.catalina.startup.HostConfig.deployDirectory Le déploiement du répertoire [/home/fek2775/Annee_2/AppWeb/TP1/apache-tomcat-11.0.1/webapps/host-manager] de l'application web s'est terminé en [52] ms
17-Feb-2026 14:06:12.735 INFOS [main] org.apache.coyote.AbstractProtocol.start Démarrage du gestionnaire de protocole ["http-nio-8080"]
17-Feb-2026 14:06:12.749 INFOS [main] org.apache.catalina.startup.Catalina.start Le démarrage du serveur a pris [2797] millisecondes
25-Feb-2026 09:43:10.455 INFOS [main] org.apache.catalina.startup.VersionLoggerListener.log Nom version serveur :              Apache Tomcat/11.0.1
25-Feb-2026 09:43:10.456 INFOS [main] org.apache.catalina.startup.VersionLoggerListener.log Serveur compilé :                  Nov 6 2024 19:08:24 UTC
25-Feb-2026 09:43:10.456 INFOS [main] org.apache.catalina.startup.VersionLoggerListener.log Version du serveur :               11.0.1.0
25-Feb-2026 09:43:10.456 INFOS [main] org.apache.catalina.startup.VersionLoggerListener.log Nom de l'OS :                      Linux
25-Feb-2026 09:43:10.456 INFOS [main] org.apache.catalina.startup.VersionLoggerListener.log Version OS :                       6.14.0-37-generic
25-Feb-2026 09:43:10.456 INFOS [main] org.apache.catalina.startup.VersionLoggerListener.log Architecture :                     amd64
25-Feb-2026 09:43:10.456 INFOS [main] org.apache.catalina.startup.VersionLoggerListener.log Java Home :                        /usr/lib/jvm/java-17-openjdk-amd64
25-Feb-2026 09:43:10.457 INFOS [main] org.apache.catalina.startup.VersionLoggerListener.log Version JVM :                      17.0.18+8-Ubuntu-124.04.1
25-Feb-2026 09:43:10.457 INFOS [main] org.apache.catalina.startup.VersionLoggerListener.log Fournisseur de la JVM :            Ubuntu
25-Feb-2026 09:43:10.457 INFOS [main] org.apache.catalina.startup.VersionLoggerListener.log CATALINA_BASE :                    /home/fek2775/Annee_2/AppWeb/TP3/apache-tomcat-11.0.1
25-Feb-2026 09:43:10.457 INFOS [main] org.apache.catalina.startup.VersionLoggerListener.log CATALINA_HOME :                    /home/fek2775/Annee_2/AppWeb/TP3/apache-tomcat-11.0.1
25-Feb-2026 09:43:10.461 INFOS [main] org.apache.catalina.startup.VersionLoggerListener.log Argument de la ligne de commande : -Djava.util.logging.config.file=/home/fek2775/Annee_2/AppWeb/TP3/apache-tomcat-11.0.1/conf/logging.properties
25-Feb-2026 09:43:10.461 INFOS [main] org.apache.catalina.startup.VersionLoggerListener.log Argument de la ligne de commande : -Djava.util.logging.manager=org.apache.juli.ClassLoaderLogManager
25-Feb-2026 09:43:10.461 INFOS [main] org.apache.catalina.startup.VersionLoggerListener.log Argument de la ligne de commande : -Djdk.tls.ephemeralDHKeySize=2048
25-Feb-2026 09:43:10.461 INFOS [main] org.apache.catalina.startup.VersionLoggerListener.log Argument de la ligne de commande : -Dorg.apache.catalina.security.SecurityListener.UMASK=0027
25-Feb-2026 09:43:10.461 INFOS [main] org.apache.catalina.startup.VersionLoggerListener.log Argument de la ligne de commande : --add-opens=java.base/java.lang=ALL-UNNAMED
25-Feb-2026 09:43:10.461 INFOS [main] org.apache.catalina.startup.VersionLoggerListener.log Argument de la ligne de commande : --add-opens=java.base/java.io=ALL-UNNAMED
25-Feb-2026 09:43:10.461 INFOS [main] org.apache.catalina.startup.VersionLoggerListener.log Argument de la ligne de commande : --add-opens=java.base/java.util=ALL-UNNAMED
25-Feb-2026 09:43:10.461 INFOS [main] org.apache.catalina.startup.VersionLoggerListener.log Argument de la ligne de commande : --add-opens=java.base/java.util.concurrent=ALL-UNNAMED
25-Feb-2026 09:43:10.461 INFOS [main] org.apache.catalina.startup.VersionLoggerListener.log Argument de la ligne de commande : --add-opens=java.rmi/sun.rmi.transport=ALL-UNNAMED
25-Feb-2026 09:43:10.461 INFOS [main] org.apache.catalina.startup.VersionLoggerListener.log Argument de la ligne de commande : --enable-native-access=ALL-UNNAMED
25-Feb-2026 09:43:10.461 INFOS [main] org.apache.catalina.startup.VersionLoggerListener.log Argument de la ligne de commande : -Dcatalina.base=/home/fek2775/Annee_2/AppWeb/TP3/apache-tomcat-11.0.1
25-Feb-2026 09:43:10.461 INFOS [main] org.apache.catalina.startup.VersionLoggerListener.log Argument de la ligne de commande : -Dcatalina.home=/home/fek2775/Annee_2/AppWeb/TP3/apache-tomcat-11.0.1
25-Feb-2026 09:43:10.461 INFOS [main] org.apache.catalina.startup.VersionLoggerListener.log Argument de la ligne de commande : -Djava.io.tmpdir=/home/fek2775/Annee_2/AppWeb/TP3/apache-tomcat-11.0.1/temp
25-Feb-2026 09:43:10.466 INFOS [main] org.apache.catalina.core.AprLifecycleListener.lifecycleEvent La librairie Apache Tomcat Native basée sur APR qui permet des performances optimales dans les environnements de production n'a pas été trouvée sur le java.library.path : [/usr/java/packages/lib:/usr/lib/x86_64-linux-gnu/jni:/lib/x86_64-linux-gnu:/usr/lib/x86_64-linux-gnu:/usr/lib/jni:/lib:/usr/lib]
25-Feb-2026 09:43:10.577 INFOS [main] org.apache.coyote.AbstractProtocol.init Initialisation du gestionnaire de protocole ["http-nio-8080"]
25-Feb-2026 09:43:10.587 INFOS [main] org.apache.catalina.startup.Catalina.load L'initialisation du serveur a pris [300] millisecondes
25-Feb-2026 09:43:10.613 INFOS [main] org.apache.catalina.core.StandardService.startInternal Démarrage du service [Catalina]
25-Feb-2026 09:43:10.613 INFOS [main] org.apache.catalina.core.StandardEngine.startInternal Démarrage du moteur de Servlets : [Apache Tomcat/11.0.1]
25-Feb-2026 09:43:10.641 INFOS [main] org.apache.catalina.startup.HostConfig.deployWAR Déploiement de l'archive [/home/fek2775/Annee_2/AppWeb/TP3/apache-tomcat-11.0.1/webapps/annuaire.war] de l'application web
25-Feb-2026 09:43:11.285 INFOS [main] org.apache.catalina.startup.HostConfig.deployWAR Le déploiement de l'archive de l'application web [/home/fek2775/Annee_2/AppWeb/TP3/apache-tomcat-11.0.1/webapps/annuaire.war] s'est terminé en [643] ms
25-Feb-2026 09:43:11.293 INFOS [main] org.apache.catalina.startup.HostConfig.deployWAR Déploiement de l'archive [/home/fek2775/Annee_2/AppWeb/TP3/apache-tomcat-11.0.1/webapps/hello.war] de l'application web
25-Feb-2026 09:43:11.691 INFOS [main] org.apache.catalina.startup.HostConfig.deployWAR Le déploiement de l'archive de l'application web [/home/fek2775/Annee_2/AppWeb/TP3/apache-tomcat-11.0.1/webapps/hello.war] s'est terminé en [398] ms
25-Feb-2026 09:43:11.692 INFOS [main] org.apache.catalina.startup.HostConfig.deployDirectory Déploiement du répertoire d'application web [/home/fek2775/Annee_2/AppWeb/TP3/apache-tomcat-11.0.1/webapps/ROOT]
25-Feb-2026 09:43:11.721 INFOS [main] org.apache.catalina.startup.HostConfig.deployDirectory Le déploiement du répertoire [/home/fek2775/Annee_2/AppWeb/TP3/apache-tomcat-11.0.1/webapps/ROOT] de l'application web s'est terminé en [29] ms
25-Feb-2026 09:43:11.721 INFOS [main] org.apache.catalina.startup.HostConfig.deployDirectory Déploiement du répertoire d'application web [/home/fek2775/Annee_2/AppWeb/TP3/apache-tomcat-11.0.1/webapps/manager]
25-Feb-2026 09:43:11.765 INFOS [main] org.apache.catalina.startup.HostConfig.deployDirectory Le déploiement du répertoire [/home/fek2775/Annee_2/AppWeb/TP3/apache-tomcat-11.0.1/webapps/manager] de l'application web s'est terminé en [44] ms
25-Feb-2026 09:43:11.765 INFOS [main] org.apache.catalina.startup.HostConfig.deployDirectory Déploiement du répertoire d'application web [/home/fek2775/Annee_2/AppWeb/TP3/apache-tomcat-11.0.1/webapps/examples]
25-Feb-2026 09:43:12.378 INFOS [main] org.apache.catalina.startup.HostConfig.deployDirectory Le déploiement du répertoire [/home/fek2775/Annee_2/AppWeb/TP3/apache-tomcat-11.0.1/webapps/examples] de l'application web s'est terminé en [613] ms
25-Feb-2026 09:43:12.379 INFOS [main] org.apache.catalina.startup.HostConfig.deployDirectory Déploiement du répertoire d'application web [/home/fek2775/Annee_2/AppWeb/TP3/apache-tomcat-11.0.1/webapps/docs]
25-Feb-2026 09:43:12.416 INFOS [main] org.apache.catalina.startup.HostConfig.deployDirectory Le déploiement du répertoire [/home/fek2775/Annee_2/AppWeb/TP3/apache-tomcat-11.0.1/webapps/docs] de l'application web s'est terminé en [37] ms
25-Feb-2026 09:43:12.416 INFOS [main] org.apache.catalina.startup.HostConfig.deployDirectory Déploiement du répertoire d'application web [/home/fek2775/Annee_2/AppWeb/TP3/apache-tomcat-11.0.1/webapps/host-manager]
25-Feb-2026 09:43:12.453 INFOS [main] org.apache.catalina.startup.HostConfig.deployDirectory Le déploiement du répertoire [/home/fek2775/Annee_2/AppWeb/TP3/apache-tomcat-11.0.1/webapps/host-manager] de l'application web s'est terminé en [37] ms
25-Feb-2026 09:43:12.455 INFOS [main] org.apache.coyote.AbstractProtocol.start Démarrage du gestionnaire de protocole ["http-nio-8080"]
25-Feb-2026 09:43:12.459 INFOS [main] org.apache.catalina.startup.Catalina.start Le démarrage du serveur a pris [1872] millisecondes
25-Feb-2026 09:44:32.600 INFOS [Catalina-utility-1] org.apache.catalina.startup.HostConfig.deployWAR Déploiement de l'archive [/home/fek2775/Annee_2/AppWeb/TP3/apache-tomcat-11.0.1/webapps/facade-0.0.1-SNAPSHOT.war] de l'application web
25-Feb-2026 09:44:37.705 INFOS [Catalina-utility-1] org.apache.jasper.servlet.TldScanner.scanJars Au moins un fichier JAR a été analysé pour trouver des TLDs mais il n'en contenait pas, le mode "debug" du journal peut être activé pour obtenir une liste complète de JAR scannés sans succès ; éviter d'analyser des JARs inutilement peut améliorer sensiblement le temps de démarrage et le temps de compilation des JSPs

  .   ____          _            __ _ _
 /\\ / ___'_ __ _ _(_)_ __  __ _ \ \ \ \
( ( )\___ | '_ | '_| | '_ \/ _` | \ \ \ \
 \\/  ___)| |_)| | | | | || (_| |  ) ) ) )
  '  |____| .__|_| |_|_| |_\__, | / / / /
 =========|_|==============|___/=/_/_/_/

 :: Spring Boot ::                (v4.0.3)

2026-02-25T09:44:38.112+01:00  INFO 428245 --- [facade] [alina-utility-1] n7.facade.ServletInitializer             : Starting ServletInitializer v0.0.1-SNAPSHOT using Java 17.0.18 with PID 428245 (/home/fek2775/Annee_2/AppWeb/TP3/apache-tomcat-11.0.1/webapps/facade-0.0.1-SNAPSHOT/WEB-INF/classes started by fek2775 in /home/fek2775/Annee_2/AppWeb/TP3)
2026-02-25T09:44:38.113+01:00  INFO 428245 --- [facade] [alina-utility-1] n7.facade.ServletInitializer             : No active profile set, falling back to 1 default profile: "default"
2026-02-25T09:44:38.456+01:00  INFO 428245 --- [facade] [alina-utility-1] .s.d.r.c.RepositoryConfigurationDelegate : Bootstrapping Spring Data JPA repositories in DEFAULT mode.
2026-02-25T09:44:38.469+01:00  INFO 428245 --- [facade] [alina-utility-1] .s.d.r.c.RepositoryConfigurationDelegate : Finished Spring Data repository scanning in 8 ms. Found 0 JPA repository interfaces.
2026-02-25T09:44:38.565+01:00  INFO 428245 --- [facade] [alina-utility-1] b.w.c.s.WebApplicationContextInitializer : Root WebApplicationContext: initialization completed in 427 ms
2026-02-25T09:44:38.804+01:00  INFO 428245 --- [facade] [alina-utility-1] org.hibernate.orm.jpa                    : HHH008540: Processing PersistenceUnitInfo [name: default]
2026-02-25T09:44:38.975+01:00  INFO 428245 --- [facade] [alina-utility-1] org.hibernate.orm.core                   : HHH000001: Hibernate ORM core version 7.2.4.Final
2026-02-25T09:44:39.566+01:00  INFO 428245 --- [facade] [alina-utility-1] o.s.o.j.p.SpringPersistenceUnitInfo      : No LoadTimeWeaver setup: ignoring JPA class transformer
2026-02-25T09:44:39.624+01:00  INFO 428245 --- [facade] [alina-utility-1] com.zaxxer.hikari.HikariDataSource       : HikariPool-1 - Starting...
2026-02-25T09:44:40.674+01:00  WARN 428245 --- [facade] [alina-utility-1] org.hibernate.orm.jdbc.error             : HHH000247: ErrorCode: -1301, SQLState: 08001
2026-02-25T09:44:40.675+01:00  WARN 428245 --- [facade] [alina-utility-1] org.hibernate.orm.jdbc.error             : java.net.ConnectException: Connexion refusée
2026-02-25T09:44:40.675+01:00  WARN 428245 --- [facade] [alina-utility-1] org.hibernate.orm.jdbc                   : HHH100046: Could not obtain connection to query JDBC database metadata

org.hibernate.exception.JDBCConnectionException: Unable to obtain isolated JDBC connection [java.net.ConnectException: Connexion refusée] [n/a]
	at org.hibernate.exception.internal.SQLStateConversionDelegate.convert(SQLStateConversionDelegate.java:80) ~[hibernate-core-7.2.4.Final.jar:7.2.4.Final]
	at org.hibernate.exception.internal.StandardSQLExceptionConverter.convert(StandardSQLExceptionConverter.java:34) ~[hibernate-core-7.2.4.Final.jar:7.2.4.Final]
	at org.hibernate.engine.jdbc.spi.SqlExceptionHelper.convert(SqlExceptionHelper.java:115) ~[hibernate-core-7.2.4.Final.jar:7.2.4.Final]
	at org.hibernate.engine.jdbc.spi.SqlExceptionHelper.convert(SqlExceptionHelper.java:101) ~[hibernate-core-7.2.4.Final.jar:7.2.4.Final]
	at org.hibernate.resource.transaction.backend.jdbc.internal.JdbcIsolationDelegate.delegateWork(JdbcIsolationDelegate.java:51) ~[hibernate-core-7.2.4.Final.jar:7.2.4.Final]
	at org.hibernate.engine.jdbc.env.internal.JdbcEnvironmentInitiator.getJdbcEnvironmentUsingJdbcMetadata(JdbcEnvironmentInitiator.java:366) ~[hibernate-core-7.2.4.Final.jar:7.2.4.Final]
	at org.hibernate.engine.jdbc.env.internal.JdbcEnvironmentInitiator.getJdbcEnvironment(JdbcEnvironmentInitiator.java:143) ~[hibernate-core-7.2.4.Final.jar:7.2.4.Final]
	at org.hibernate.engine.jdbc.env.internal.JdbcEnvironmentInitiator.initiateService(JdbcEnvironmentInitiator.java:120) ~[hibernate-core-7.2.4.Final.jar:7.2.4.Final]
	at org.hibernate.engine.jdbc.env.internal.JdbcEnvironmentInitiator.initiateService(JdbcEnvironmentInitiator.java:80) ~[hibernate-core-7.2.4.Final.jar:7.2.4.Final]
	at org.hibernate.boot.registry.internal.StandardServiceRegistryImpl.initiateService(StandardServiceRegistryImpl.java:133) ~[hibernate-core-7.2.4.Final.jar:7.2.4.Final]
	at org.hibernate.service.internal.AbstractServiceRegistryImpl.createService(AbstractServiceRegistryImpl.java:260) ~[hibernate-core-7.2.4.Final.jar:7.2.4.Final]
	at org.hibernate.service.internal.AbstractServiceRegistryImpl.initializeService(AbstractServiceRegistryImpl.java:235) ~[hibernate-core-7.2.4.Final.jar:7.2.4.Final]
	at org.hibernate.service.internal.AbstractServiceRegistryImpl.getService(AbstractServiceRegistryImpl.java:212) ~[hibernate-core-7.2.4.Final.jar:7.2.4.Final]
	at org.hibernate.boot.model.relational.Database.<init>(Database.java:44) ~[hibernate-core-7.2.4.Final.jar:7.2.4.Final]
	at org.hibernate.boot.internal.InFlightMetadataCollectorImpl.getDatabase(InFlightMetadataCollectorImpl.java:251) ~[hibernate-core-7.2.4.Final.jar:7.2.4.Final]
	at org.hibernate.boot.internal.InFlightMetadataCollectorImpl.<init>(InFlightMetadataCollectorImpl.java:203) ~[hibernate-core-7.2.4.Final.jar:7.2.4.Final]
	at org.hibernate.boot.model.process.spi.MetadataBuildingProcess.complete(MetadataBuildingProcess.java:170) ~[hibernate-core-7.2.4.Final.jar:7.2.4.Final]
	at org.hibernate.jpa.boot.internal.EntityManagerFactoryBuilderImpl.metadata(EntityManagerFactoryBuilderImpl.java:1392) ~[hibernate-core-7.2.4.Final.jar:7.2.4.Final]
	at org.hibernate.jpa.boot.internal.EntityManagerFactoryBuilderImpl.populateSessionFactoryBuilder(EntityManagerFactoryBuilderImpl.java:1472) ~[hibernate-core-7.2.4.Final.jar:7.2.4.Final]
	at org.hibernate.jpa.boot.internal.EntityManagerFactoryBuilderImpl.build(EntityManagerFactoryBuilderImpl.java:1454) ~[hibernate-core-7.2.4.Final.jar:7.2.4.Final]
	at org.springframework.orm.jpa.vendor.SpringHibernateJpaPersistenceProvider.createContainerEntityManagerFactory(SpringHibernateJpaPersistenceProvider.java:93) ~[spring-orm-7.0.5.jar:7.0.5]
	at org.springframework.orm.jpa.LocalContainerEntityManagerFactoryBean.createNativeEntityManagerFactory(LocalContainerEntityManagerFactoryBean.java:443) ~[spring-orm-7.0.5.jar:7.0.5]
	at org.springframework.orm.jpa.AbstractEntityManagerFactoryBean.buildNativeEntityManagerFactory(AbstractEntityManagerFactoryBean.java:436) ~[spring-orm-7.0.5.jar:7.0.5]
	at org.springframework.orm.jpa.AbstractEntityManagerFactoryBean.afterPropertiesSet(AbstractEntityManagerFactoryBean.java:411) ~[spring-orm-7.0.5.jar:7.0.5]
	at org.springframework.orm.jpa.LocalContainerEntityManagerFactoryBean.afterPropertiesSet(LocalContainerEntityManagerFactoryBean.java:419) ~[spring-orm-7.0.5.jar:7.0.5]
	at org.springframework.beans.factory.support.AbstractAutowireCapableBeanFactory.invokeInitMethods(AbstractAutowireCapableBeanFactory.java:1864) ~[spring-beans-7.0.5.jar:7.0.5]
	at org.springframework.beans.factory.support.AbstractAutowireCapableBeanFactory.initializeBean(AbstractAutowireCapableBeanFactory.java:1813) ~[spring-beans-7.0.5.jar:7.0.5]
	at org.springframework.beans.factory.support.AbstractAutowireCapableBeanFactory.doCreateBean(AbstractAutowireCapableBeanFactory.java:603) ~[spring-beans-7.0.5.jar:7.0.5]
	at org.springframework.beans.factory.support.AbstractAutowireCapableBeanFactory.createBean(AbstractAutowireCapableBeanFactory.java:525) ~[spring-beans-7.0.5.jar:7.0.5]
	at org.springframework.beans.factory.support.AbstractBeanFactory.lambda$doGetBean$0(AbstractBeanFactory.java:333) ~[spring-beans-7.0.5.jar:7.0.5]
	at org.springframework.beans.factory.support.DefaultSingletonBeanRegistry.getSingleton(DefaultSingletonBeanRegistry.java:371) ~[spring-beans-7.0.5.jar:7.0.5]
	at org.springframework.beans.factory.support.AbstractBeanFactory.doGetBean(AbstractBeanFactory.java:331) ~[spring-beans-7.0.5.jar:7.0.5]
	at org.springframework.beans.factory.support.AbstractBeanFactory.getBean(AbstractBeanFactory.java:201) ~[spring-beans-7.0.5.jar:7.0.5]
	at org.springframework.context.support.AbstractApplicationContext.finishBeanFactoryInitialization(AbstractApplicationContext.java:977) ~[spring-context-7.0.5.jar:7.0.5]
	at org.springframework.context.support.AbstractApplicationContext.refresh(AbstractApplicationContext.java:621) ~[spring-context-7.0.5.jar:7.0.5]
	at org.springframework.boot.SpringApplication.refresh(SpringApplication.java:756) ~[spring-boot-4.0.3.jar:4.0.3]
	at org.springframework.boot.SpringApplication.refreshContext(SpringApplication.java:445) ~[spring-boot-4.0.3.jar:4.0.3]
	at org.springframework.boot.SpringApplication.run(SpringApplication.java:321) ~[spring-boot-4.0.3.jar:4.0.3]
	at org.springframework.boot.web.servlet.support.SpringBootServletInitializer.run(SpringBootServletInitializer.java:205) ~[spring-boot-4.0.3.jar:4.0.3]
	at org.springframework.boot.web.servlet.support.SpringBootServletInitializer.createRootApplicationContext(SpringBootServletInitializer.java:181) ~[spring-boot-4.0.3.jar:4.0.3]
	at org.springframework.boot.web.servlet.support.SpringBootServletInitializer.onStartup(SpringBootServletInitializer.java:109) ~[spring-boot-4.0.3.jar:4.0.3]
	at org.springframework.web.SpringServletContainerInitializer.onStartup(SpringServletContainerInitializer.java:171) ~[spring-web-7.0.5.jar:7.0.5]
	at org.apache.catalina.core.StandardContext.startInternal(StandardContext.java:4393) ~[catalina.jar:11.0.1]
	at org.apache.catalina.util.LifecycleBase.start(LifecycleBase.java:164) ~[catalina.jar:11.0.1]
	at org.apache.catalina.core.ContainerBase.addChild(ContainerBase.java:566) ~[catalina.jar:11.0.1]
	at org.apache.catalina.core.StandardHost.addChild(StandardHost.java:653) ~[catalina.jar:11.0.1]
	at org.apache.catalina.startup.HostConfig.deployWAR(HostConfig.java:933) ~[catalina.jar:11.0.1]
	at org.apache.catalina.startup.HostConfig$DeployWar.run(HostConfig.java:1875) ~[catalina.jar:11.0.1]
	at java.base/java.util.concurrent.Executors$RunnableAdapter.call(Executors.java:539) ~[na:na]
	at java.base/java.util.concurrent.FutureTask.run(FutureTask.java:264) ~[na:na]
	at org.apache.tomcat.util.threads.InlineExecutorService.execute(InlineExecutorService.java:75) ~[tomcat-util.jar:11.0.1]
	at java.base/java.util.concurrent.AbstractExecutorService.submit(AbstractExecutorService.java:123) ~[na:na]
	at org.apache.catalina.startup.HostConfig.deployWARs(HostConfig.java:735) ~[catalina.jar:11.0.1]
	at org.apache.catalina.startup.HostConfig.deployApps(HostConfig.java:387) ~[catalina.jar:11.0.1]
	at org.apache.catalina.startup.HostConfig.check(HostConfig.java:1642) ~[catalina.jar:11.0.1]
	at org.apache.catalina.startup.HostConfig.lifecycleEvent(HostConfig.java:263) ~[catalina.jar:11.0.1]
	at org.apache.catalina.util.LifecycleBase.fireLifecycleEvent(LifecycleBase.java:109) ~[catalina.jar:11.0.1]
	at org.apache.catalina.core.ContainerBase.backgroundProcess(ContainerBase.java:940) ~[catalina.jar:11.0.1]
	at org.apache.catalina.core.ContainerBase$ContainerBackgroundProcessor.processChildren(ContainerBase.java:1139) ~[catalina.jar:11.0.1]
	at org.apache.catalina.core.ContainerBase$ContainerBackgroundProcessor.processChildren(ContainerBase.java:1143) ~[catalina.jar:11.0.1]
	at org.apache.catalina.core.ContainerBase$ContainerBackgroundProcessor.run(ContainerBase.java:1121) ~[catalina.jar:11.0.1]
	at java.base/java.util.concurrent.Executors$RunnableAdapter.call(Executors.java:539) ~[na:na]
	at java.base/java.util.concurrent.FutureTask.runAndReset(FutureTask.java:305) ~[na:na]
	at java.base/java.util.concurrent.ScheduledThreadPoolExecutor$ScheduledFutureTask.run(ScheduledThreadPoolExecutor.java:305) ~[na:na]
	at java.base/java.util.concurrent.ThreadPoolExecutor.runWorker(ThreadPoolExecutor.java:1136) ~[na:na]
	at java.base/java.util.concurrent.ThreadPoolExecutor$Worker.run(ThreadPoolExecutor.java:635) ~[na:na]
	at org.apache.tomcat.util.threads.TaskThread$WrappingRunnable.run(TaskThread.java:63) ~[tomcat-util.jar:11.0.1]
	at java.base/java.lang.Thread.run(Thread.java:840) ~[na:na]
Caused by: java.sql.SQLTransientConnectionException: java.net.ConnectException: Connexion refusée
	at org.hsqldb.jdbc.JDBCUtil.sqlException(Unknown Source) ~[hsqldb-2.7.3.jar:2.7.3]
	at org.hsqldb.jdbc.JDBCUtil.sqlException(Unknown Source) ~[hsqldb-2.7.3.jar:2.7.3]
	at org.hsqldb.jdbc.JDBCConnection.<init>(Unknown Source) ~[hsqldb-2.7.3.jar:2.7.3]
	at org.hsqldb.jdbc.JDBCDriver$1.run(Unknown Source) ~[hsqldb-2.7.3.jar:2.7.3]
Caused by: org.hsqldb.HsqlException: java.net.ConnectException: Connexion refusée
	at org.hsqldb.ClientConnection.openConnection(Unknown Source) ~[hsqldb-2.7.3.jar:2.7.3]
	at org.hsqldb.ClientConnection.initConnection(Unknown Source) ~[hsqldb-2.7.3.jar:2.7.3]
	at org.hsqldb.ClientConnection.<init>(Unknown Source) ~[hsqldb-2.7.3.jar:2.7.3]
	... 2 common frames omitted
Caused by: java.net.ConnectException: Connexion refusée
	at java.base/sun.nio.ch.Net.connect0(Native Method) ~[na:na]
	at java.base/sun.nio.ch.Net.connect(Net.java:591) ~[na:na]
	at java.base/sun.nio.ch.Net.connect(Net.java:580) ~[na:na]
	at java.base/sun.nio.ch.NioSocketImpl.connect(NioSocketImpl.java:593) ~[na:na]
	at java.base/java.net.SocksSocketImpl.connect(SocksSocketImpl.java:327) ~[na:na]
	at java.base/java.net.Socket.connect(Socket.java:633) ~[na:na]
	at java.base/java.net.Socket.connect(Socket.java:583) ~[na:na]
	at java.base/java.net.Socket.<init>(Socket.java:507) ~[na:na]
	at java.base/java.net.Socket.<init>(Socket.java:287) ~[na:na]
	at org.hsqldb.server.HsqlSocketFactory.createSocket(Unknown Source) ~[hsqldb-2.7.3.jar:2.7.3]
	... 5 common frames omitted

2026-02-25T09:44:40.715+01:00  WARN 428245 --- [facade] [alina-utility-1] org.hibernate.orm.deprecation            : HHH90000025: HSQLDialect does not need to be specified explicitly using 'hibernate.dialect' (remove the property setting and it will be selected by default)
2026-02-25T09:44:40.726+01:00  INFO 428245 --- [facade] [alina-utility-1] org.hibernate.orm.connections.pooling    : HHH10001005: Database info:
	Database JDBC URL [undefined/unknown]
	Database driver: undefined/unknown
	Database dialect: HSQLDialect
	Database version: 2.6.1
	Default catalog/schema: unknown/unknown
	Autocommit mode: undefined/unknown
	Isolation level: NONE [default NONE]
	JDBC fetch size: undefined/unknown
	Pool: DataSourceConnectionProvider
	Minimum pool size: undefined/unknown
	Maximum pool size: undefined/unknown
2026-02-25T09:44:41.111+01:00  INFO 428245 --- [facade] [alina-utility-1] org.hibernate.orm.core                   : HHH000489: No JTA platform available (set 'hibernate.transaction.jta.platform' to enable JTA platform integration)
2026-02-25T09:44:41.119+01:00  INFO 428245 --- [facade] [alina-utility-1] j.LocalContainerEntityManagerFactoryBean : Initialized JPA EntityManagerFactory for persistence unit 'default'
2026-02-25T09:44:41.177+01:00  WARN 428245 --- [facade] [alina-utility-1] JpaBaseConfiguration$JpaWebConfiguration : spring.jpa.open-in-view is enabled by default. Therefore, database queries may be performed during view rendering. Explicitly configure spring.jpa.open-in-view to disable this warning
2026-02-25T09:44:41.459+01:00  INFO 428245 --- [facade] [alina-utility-1] n7.facade.ServletInitializer             : Started ServletInitializer in 3.637 seconds (process running for 91.52)
25-Feb-2026 09:44:41.528 INFOS [Catalina-utility-1] org.apache.catalina.startup.HostConfig.deployWAR Le déploiement de l'archive de l'application web [/home/fek2775/Annee_2/AppWeb/TP3/apache-tomcat-11.0.1/webapps/facade-0.0.1-SNAPSHOT.war] s'est terminé en [8 928] ms
25-Feb-2026 09:45:10.460 INFOS [http-nio-8080-exec-2] org.apache.coyote.http11.Http11Processor.service Erreur lors de l'analyse d'un en-tête de requête HTTP
 Note : les occurrences suivantes d'erreurs d'analyse de requête HTTP seront enregistrées au niveau DEBUG.
	java.lang.IllegalArgumentException: Caractère invalide trouvé dans le nom de méthode.  Les noms HTTP doivent être des "token".
		at org.apache.coyote.http11.Http11InputBuffer.parseRequestLine(Http11InputBuffer.java:395)
		at org.apache.coyote.http11.Http11Processor.service(Http11Processor.java:268)
		at org.apache.coyote.AbstractProcessorLight.process(AbstractProcessorLight.java:63)
		at org.apache.coyote.AbstractProtocol$ConnectionHandler.process(AbstractProtocol.java:905)
		at org.apache.tomcat.util.net.NioEndpoint$SocketProcessor.doRun(NioEndpoint.java:1746)
		at org.apache.tomcat.util.net.SocketProcessorBase.run(SocketProcessorBase.java:52)
		at org.apache.tomcat.util.threads.ThreadPoolExecutor.runWorker(ThreadPoolExecutor.java:1148)
		at org.apache.tomcat.util.threads.ThreadPoolExecutor$Worker.run(ThreadPoolExecutor.java:636)
		at org.apache.tomcat.util.threads.TaskThread$WrappingRunnable.run(TaskThread.java:63)
		at java.base/java.lang.Thread.run(Thread.java:840)
25-Feb-2026 09:45:10.460 INFOS [http-nio-8080-exec-1] org.apache.coyote.http11.Http11Processor.service Erreur lors de l'analyse d'un en-tête de requête HTTP
 Note : les occurrences suivantes d'erreurs d'analyse de requête HTTP seront enregistrées au niveau DEBUG.
	java.lang.IllegalArgumentException: Caractère invalide trouvé dans le nom de méthode.  Les noms HTTP doivent être des "token".
		at org.apache.coyote.http11.Http11InputBuffer.parseRequestLine(Http11InputBuffer.java:395)
		at org.apache.coyote.http11.Http11Processor.service(Http11Processor.java:268)
		at org.apache.coyote.AbstractProcessorLight.process(AbstractProcessorLight.java:63)
		at org.apache.coyote.AbstractProtocol$ConnectionHandler.process(AbstractProtocol.java:905)
		at org.apache.tomcat.util.net.NioEndpoint$SocketProcessor.doRun(NioEndpoint.java:1746)
		at org.apache.tomcat.util.net.SocketProcessorBase.run(SocketProcessorBase.java:52)
		at org.apache.tomcat.util.threads.ThreadPoolExecutor.runWorker(ThreadPoolExecutor.java:1148)
		at org.apache.tomcat.util.threads.ThreadPoolExecutor$Worker.run(ThreadPoolExecutor.java:636)
		at org.apache.tomcat.util.threads.TaskThread$WrappingRunnable.run(TaskThread.java:63)
		at java.base/java.lang.Thread.run(Thread.java:840)
03-Mar-2026 16:38:48.147 INFOS [main] org.apache.catalina.startup.VersionLoggerListener.log Nom version serveur :              Apache Tomcat/11.0.1
03-Mar-2026 16:38:48.150 INFOS [main] org.apache.catalina.startup.VersionLoggerListener.log Serveur compilé :                  Nov 6 2024 19:08:24 UTC
03-Mar-2026 16:38:48.150 INFOS [main] org.apache.catalina.startup.VersionLoggerListener.log Version du serveur :               11.0.1.0
03-Mar-2026 16:38:48.150 INFOS [main] org.apache.catalina.startup.VersionLoggerListener.log Nom de l'OS :                      Linux
03-Mar-2026 16:38:48.150 INFOS [main] org.apache.catalina.startup.VersionLoggerListener.log Version OS :                       6.14.0-33-generic
03-Mar-2026 16:38:48.150 INFOS [main] org.apache.catalina.startup.VersionLoggerListener.log Architecture :                     amd64
03-Mar-2026 16:38:48.151 INFOS [main] org.apache.catalina.startup.VersionLoggerListener.log Java Home :                        /usr/lib/jvm/java-17-openjdk-amd64
03-Mar-2026 16:38:48.151 INFOS [main] org.apache.catalina.startup.VersionLoggerListener.log Version JVM :                      17.0.18+8-Ubuntu-124.04.1
03-Mar-2026 16:38:48.151 INFOS [main] org.apache.catalina.startup.VersionLoggerListener.log Fournisseur de la JVM :            Ubuntu
03-Mar-2026 16:38:48.151 INFOS [main] org.apache.catalina.startup.VersionLoggerListener.log CATALINA_BASE :                    /home/fek2775/Annee_2/AppWeb/TP3/apache-tomcat-11.0.1
03-Mar-2026 16:38:48.151 INFOS [main] org.apache.catalina.startup.VersionLoggerListener.log CATALINA_HOME :                    /home/fek2775/Annee_2/AppWeb/TP3/apache-tomcat-11.0.1
03-Mar-2026 16:38:48.158 INFOS [main] org.apache.catalina.startup.VersionLoggerListener.log Argument de la ligne de commande : -Djava.util.logging.config.file=/home/fek2775/Annee_2/AppWeb/TP3/apache-tomcat-11.0.1/conf/logging.properties
03-Mar-2026 16:38:48.158 INFOS [main] org.apache.catalina.startup.VersionLoggerListener.log Argument de la ligne de commande : -Djava.util.logging.manager=org.apache.juli.ClassLoaderLogManager
03-Mar-2026 16:38:48.158 INFOS [main] org.apache.catalina.startup.VersionLoggerListener.log Argument de la ligne de commande : -Djdk.tls.ephemeralDHKeySize=2048
03-Mar-2026 16:38:48.158 INFOS [main] org.apache.catalina.startup.VersionLoggerListener.log Argument de la ligne de commande : -Dorg.apache.catalina.security.SecurityListener.UMASK=0027
03-Mar-2026 16:38:48.159 INFOS [main] org.apache.catalina.startup.VersionLoggerListener.log Argument de la ligne de commande : --add-opens=java.base/java.lang=ALL-UNNAMED
03-Mar-2026 16:38:48.159 INFOS [main] org.apache.catalina.startup.VersionLoggerListener.log Argument de la ligne de commande : --add-opens=java.base/java.io=ALL-UNNAMED
03-Mar-2026 16:38:48.159 INFOS [main] org.apache.catalina.startup.VersionLoggerListener.log Argument de la ligne de commande : --add-opens=java.base/java.util=ALL-UNNAMED
03-Mar-2026 16:38:48.159 INFOS [main] org.apache.catalina.startup.VersionLoggerListener.log Argument de la ligne de commande : --add-opens=java.base/java.util.concurrent=ALL-UNNAMED
03-Mar-2026 16:38:48.159 INFOS [main] org.apache.catalina.startup.VersionLoggerListener.log Argument de la ligne de commande : --add-opens=java.rmi/sun.rmi.transport=ALL-UNNAMED
03-Mar-2026 16:38:48.159 INFOS [main] org.apache.catalina.startup.VersionLoggerListener.log Argument de la ligne de commande : --enable-native-access=ALL-UNNAMED
03-Mar-2026 16:38:48.159 INFOS [main] org.apache.catalina.startup.VersionLoggerListener.log Argument de la ligne de commande : -Dcatalina.base=/home/fek2775/Annee_2/AppWeb/TP3/apache-tomcat-11.0.1
03-Mar-2026 16:38:48.159 INFOS [main] org.apache.catalina.startup.VersionLoggerListener.log Argument de la ligne de commande : -Dcatalina.home=/home/fek2775/Annee_2/AppWeb/TP3/apache-tomcat-11.0.1
03-Mar-2026 16:38:48.159 INFOS [main] org.apache.catalina.startup.VersionLoggerListener.log Argument de la ligne de commande : -Djava.io.tmpdir=/home/fek2775/Annee_2/AppWeb/TP3/apache-tomcat-11.0.1/temp
03-Mar-2026 16:38:48.164 INFOS [main] org.apache.catalina.core.AprLifecycleListener.lifecycleEvent La librairie Apache Tomcat Native basée sur APR qui permet des performances optimales dans les environnements de production n'a pas été trouvée sur le java.library.path : [/usr/java/packages/lib:/usr/lib/x86_64-linux-gnu/jni:/lib/x86_64-linux-gnu:/usr/lib/x86_64-linux-gnu:/usr/lib/jni:/lib:/usr/lib]
03-Mar-2026 16:38:48.300 INFOS [main] org.apache.coyote.AbstractProtocol.init Initialisation du gestionnaire de protocole ["http-nio-8080"]
03-Mar-2026 16:38:48.323 INFOS [main] org.apache.catalina.startup.Catalina.load L'initialisation du serveur a pris [380] millisecondes
03-Mar-2026 16:38:48.368 INFOS [main] org.apache.catalina.core.StandardService.startInternal Démarrage du service [Catalina]
03-Mar-2026 16:38:48.368 INFOS [main] org.apache.catalina.core.StandardEngine.startInternal Démarrage du moteur de Servlets : [Apache Tomcat/11.0.1]
03-Mar-2026 16:38:48.423 INFOS [main] org.apache.catalina.startup.HostConfig.deployWAR Déploiement de l'archive [/home/fek2775/Annee_2/AppWeb/TP3/apache-tomcat-11.0.1/webapps/annuaire.war] de l'application web
03-Mar-2026 16:38:49.160 INFOS [main] org.apache.catalina.startup.HostConfig.deployWAR Le déploiement de l'archive de l'application web [/home/fek2775/Annee_2/AppWeb/TP3/apache-tomcat-11.0.1/webapps/annuaire.war] s'est terminé en [735] ms
03-Mar-2026 16:38:49.203 INFOS [main] org.apache.catalina.startup.HostConfig.deployWAR Déploiement de l'archive [/home/fek2775/Annee_2/AppWeb/TP3/apache-tomcat-11.0.1/webapps/hello.war] de l'application web
03-Mar-2026 16:38:49.641 INFOS [main] org.apache.catalina.startup.HostConfig.deployWAR Le déploiement de l'archive de l'application web [/home/fek2775/Annee_2/AppWeb/TP3/apache-tomcat-11.0.1/webapps/hello.war] s'est terminé en [437] ms
03-Mar-2026 16:38:49.651 INFOS [main] org.apache.catalina.startup.HostConfig.deployWAR Déploiement de l'archive [/home/fek2775/Annee_2/AppWeb/TP3/apache-tomcat-11.0.1/webapps/facade-0.0.1-SNAPSHOT.war] de l'application web
03-Mar-2026 16:38:49.658 INFOS [main] org.apache.catalina.startup.ExpandWar.expand Un répertoire décompressé [/home/fek2775/Annee_2/AppWeb/TP3/apache-tomcat-11.0.1/webapps/facade-0.0.1-SNAPSHOT] a été trouvé avec une date de dernière modification qui ne correspond pas au WAR associé, il sera effacé
03-Mar-2026 16:38:53.206 GRAVE [main] org.apache.catalina.startup.ContextConfig.beforeStart Exception durant la fixation du "docBase" pour le contexte [/facade-0.0.1-SNAPSHOT]
	java.io.EOFException
		at java.base/java.io.RandomAccessFile.readFully(RandomAccessFile.java:471)
		at java.base/java.util.zip.ZipFile$Source.readFullyAt(ZipFile.java:1516)
		at java.base/java.util.zip.ZipFile$ZipFileInputStream.initDataOffset(ZipFile.java:923)
		at java.base/java.util.zip.ZipFile$ZipFileInputStream.read(ZipFile.java:939)
		at java.base/java.util.zip.ZipFile$ZipFileInflaterInputStream.fill(ZipFile.java:456)
		at java.base/java.util.zip.InflaterInputStream.read(InflaterInputStream.java:158)
		at java.base/java.io.FilterInputStream.read(FilterInputStream.java:106)
		at org.apache.catalina.startup.ExpandWar.expand(ExpandWar.java:382)
		at org.apache.catalina.startup.ExpandWar.expand(ExpandWar.java:153)
		at org.apache.catalina.startup.ContextConfig.fixDocBase(ContextConfig.java:801)
		at org.apache.catalina.startup.ContextConfig.beforeStart(ContextConfig.java:937)
		at org.apache.catalina.startup.ContextConfig.lifecycleEvent(ContextConfig.java:292)
		at org.apache.catalina.util.LifecycleBase.fireLifecycleEvent(LifecycleBase.java:109)
		at org.apache.catalina.util.LifecycleBase.setStateInternal(LifecycleBase.java:389)
		at org.apache.catalina.util.LifecycleBase.start(LifecycleBase.java:163)
		at org.apache.catalina.core.ContainerBase.addChild(ContainerBase.java:566)
		at org.apache.catalina.core.StandardHost.addChild(StandardHost.java:653)
		at org.apache.catalina.startup.HostConfig.deployWAR(HostConfig.java:933)
		at org.apache.catalina.startup.HostConfig$DeployWar.run(HostConfig.java:1875)
		at java.base/java.util.concurrent.Executors$RunnableAdapter.call(Executors.java:539)
		at java.base/java.util.concurrent.FutureTask.run(FutureTask.java:264)
		at org.apache.tomcat.util.threads.InlineExecutorService.execute(InlineExecutorService.java:75)
		at java.base/java.util.concurrent.AbstractExecutorService.submit(AbstractExecutorService.java:123)
		at org.apache.catalina.startup.HostConfig.deployWARs(HostConfig.java:735)
		at org.apache.catalina.startup.HostConfig.deployApps(HostConfig.java:387)
		at org.apache.catalina.startup.HostConfig.start(HostConfig.java:1593)
		at org.apache.catalina.startup.HostConfig.lifecycleEvent(HostConfig.java:267)
		at org.apache.catalina.util.LifecycleBase.fireLifecycleEvent(LifecycleBase.java:109)
		at org.apache.catalina.util.LifecycleBase.setStateInternal(LifecycleBase.java:389)
		at org.apache.catalina.util.LifecycleBase.setState(LifecycleBase.java:336)
		at org.apache.catalina.core.ContainerBase.startInternal(ContainerBase.java:743)
		at org.apache.catalina.core.StandardHost.startInternal(StandardHost.java:771)
		at org.apache.catalina.util.LifecycleBase.start(LifecycleBase.java:164)
		at org.apache.catalina.core.ContainerBase$StartChild.call(ContainerBase.java:1170)
		at org.apache.catalina.core.ContainerBase$StartChild.call(ContainerBase.java:1160)
		at java.base/java.util.concurrent.FutureTask.run(FutureTask.java:264)
		at org.apache.tomcat.util.threads.InlineExecutorService.execute(InlineExecutorService.java:75)
		at java.base/java.util.concurrent.AbstractExecutorService.submit(AbstractExecutorService.java:145)
		at org.apache.catalina.core.ContainerBase.startInternal(ContainerBase.java:716)
		at org.apache.catalina.core.StandardEngine.startInternal(StandardEngine.java:203)
		at org.apache.catalina.util.LifecycleBase.start(LifecycleBase.java:164)
		at org.apache.catalina.core.StandardService.startInternal(StandardService.java:415)
		at org.apache.catalina.util.LifecycleBase.start(LifecycleBase.java:164)
		at org.apache.catalina.core.StandardServer.startInternal(StandardServer.java:866)
		at org.apache.catalina.util.LifecycleBase.start(LifecycleBase.java:164)
		at org.apache.catalina.startup.Catalina.start(Catalina.java:755)
		at java.base/jdk.internal.reflect.NativeMethodAccessorImpl.invoke0(Native Method)
		at java.base/jdk.internal.reflect.NativeMethodAccessorImpl.invoke(NativeMethodAccessorImpl.java:77)
		at java.base/jdk.internal.reflect.DelegatingMethodAccessorImpl.invoke(DelegatingMethodAccessorImpl.java:43)
		at java.base/java.lang.reflect.Method.invoke(Method.java:569)
		at org.apache.catalina.startup.Bootstrap.start(Bootstrap.java:342)
		at org.apache.catalina.startup.Bootstrap.main(Bootstrap.java:470)
03-Mar-2026 16:39:31.242 INFOS [main] org.apache.jasper.servlet.TldScanner.scanJars Au moins un fichier JAR a été analysé pour trouver des TLDs mais il n'en contenait pas, le mode "debug" du journal peut être activé pour obtenir une liste complète de JAR scannés sans succès ; éviter d'analyser des JARs inutilement peut améliorer sensiblement le temps de démarrage et le temps de compilation des JSPs

  .   ____          _            __ _ _
 /\\ / ___'_ __ _ _(_)_ __  __ _ \ \ \ \
( ( )\___ | '_ | '_| | '_ \/ _` | \ \ \ \
 \\/  ___)| |_)| | | | | || (_| |  ) ) ) )
  '  |____| .__|_| |_|_| |_\__, | / / / /
 =========|_|==============|___/=/_/_/_/

 :: Spring Boot ::                (v4.0.3)

2026-03-03T16:39:41.183+01:00  INFO 1642039 --- [facade] [           main] n7.facade.ServletInitializer             : Starting ServletInitializer v0.0.1-SNAPSHOT using Java 17.0.18 with PID 1642039 (/home/fek2775/Annee_2/AppWeb/TP3/apache-tomcat-11.0.1/webapps/facade-0.0.1-SNAPSHOT.war started by fek2775 in /home/fek2775/Annee_2/AppWeb/TP3)
2026-03-03T16:39:41.201+01:00  INFO 1642039 --- [facade] [           main] n7.facade.ServletInitializer             : No active profile set, falling back to 1 default profile: "default"
2026-03-03T16:39:48.030+01:00  INFO 1642039 --- [facade] [           main] .s.d.r.c.RepositoryConfigurationDelegate : Bootstrapping Spring Data JPA repositories in DEFAULT mode.
2026-03-03T16:39:48.901+01:00  INFO 1642039 --- [facade] [           main] .s.d.r.c.RepositoryConfigurationDelegate : Finished Spring Data repository scanning in 236 ms. Found 0 JPA repository interfaces.
2026-03-03T16:39:50.105+01:00  INFO 1642039 --- [facade] [           main] b.w.c.s.WebApplicationContextInitializer : Root WebApplicationContext: initialization completed in 8304 ms
2026-03-03T16:39:56.569+01:00  INFO 1642039 --- [facade] [           main] org.hibernate.orm.jpa                    : HHH008540: Processing PersistenceUnitInfo [name: default]
2026-03-03T16:40:12.763+01:00  INFO 1642039 --- [facade] [           main] org.hibernate.orm.core                   : HHH000001: Hibernate ORM core version 7.2.4.Final
2026-03-03T16:41:32.637+01:00  INFO 1642039 --- [facade] [           main] o.s.o.j.p.SpringPersistenceUnitInfo      : No LoadTimeWeaver setup: ignoring JPA class transformer
2026-03-03T16:41:42.139+01:00  INFO 1642039 --- [facade] [           main] com.zaxxer.hikari.HikariDataSource       : HikariPool-1 - Starting...
2026-03-03T16:41:44.543+01:00  WARN 1642039 --- [facade] [           main] org.hibernate.orm.jdbc.error             : HHH000247: ErrorCode: -1301, SQLState: 08001
2026-03-03T16:41:44.543+01:00  WARN 1642039 --- [facade] [           main] org.hibernate.orm.jdbc.error             : java.net.ConnectException: Connexion refusée
2026-03-03T16:41:44.638+01:00  WARN 1642039 --- [facade] [           main] org.hibernate.orm.jdbc                   : HHH100046: Could not obtain connection to query JDBC database metadata

org.hibernate.exception.JDBCConnectionException: Unable to obtain isolated JDBC connection [java.net.ConnectException: Connexion refusée] [n/a]
	at org.hibernate.exception.internal.SQLStateConversionDelegate.convert(SQLStateConversionDelegate.java:80) ~[hibernate-core-7.2.4.Final.jar:7.2.4.Final]
	at org.hibernate.exception.internal.StandardSQLExceptionConverter.convert(StandardSQLExceptionConverter.java:34) ~[hibernate-core-7.2.4.Final.jar:7.2.4.Final]
	at org.hibernate.engine.jdbc.spi.SqlExceptionHelper.convert(SqlExceptionHelper.java:115) ~[hibernate-core-7.2.4.Final.jar:7.2.4.Final]
	at org.hibernate.engine.jdbc.spi.SqlExceptionHelper.convert(SqlExceptionHelper.java:101) ~[hibernate-core-7.2.4.Final.jar:7.2.4.Final]
	at org.hibernate.resource.transaction.backend.jdbc.internal.JdbcIsolationDelegate.delegateWork(JdbcIsolationDelegate.java:51) ~[hibernate-core-7.2.4.Final.jar:7.2.4.Final]
	at org.hibernate.engine.jdbc.env.internal.JdbcEnvironmentInitiator.getJdbcEnvironmentUsingJdbcMetadata(JdbcEnvironmentInitiator.java:366) ~[hibernate-core-7.2.4.Final.jar:7.2.4.Final]
	at org.hibernate.engine.jdbc.env.internal.JdbcEnvironmentInitiator.getJdbcEnvironment(JdbcEnvironmentInitiator.java:143) ~[hibernate-core-7.2.4.Final.jar:7.2.4.Final]
	at org.hibernate.engine.jdbc.env.internal.JdbcEnvironmentInitiator.initiateService(JdbcEnvironmentInitiator.java:120) ~[hibernate-core-7.2.4.Final.jar:7.2.4.Final]
	at org.hibernate.engine.jdbc.env.internal.JdbcEnvironmentInitiator.initiateService(JdbcEnvironmentInitiator.java:80) ~[hibernate-core-7.2.4.Final.jar:7.2.4.Final]
	at org.hibernate.boot.registry.internal.StandardServiceRegistryImpl.initiateService(StandardServiceRegistryImpl.java:133) ~[hibernate-core-7.2.4.Final.jar:7.2.4.Final]
	at org.hibernate.service.internal.AbstractServiceRegistryImpl.createService(AbstractServiceRegistryImpl.java:260) ~[hibernate-core-7.2.4.Final.jar:7.2.4.Final]
	at org.hibernate.service.internal.AbstractServiceRegistryImpl.initializeService(AbstractServiceRegistryImpl.java:235) ~[hibernate-core-7.2.4.Final.jar:7.2.4.Final]
	at org.hibernate.service.internal.AbstractServiceRegistryImpl.getService(AbstractServiceRegistryImpl.java:212) ~[hibernate-core-7.2.4.Final.jar:7.2.4.Final]
	at org.hibernate.boot.model.relational.Database.<init>(Database.java:44) ~[hibernate-core-7.2.4.Final.jar:7.2.4.Final]
	at org.hibernate.boot.internal.InFlightMetadataCollectorImpl.getDatabase(InFlightMetadataCollectorImpl.java:251) ~[hibernate-core-7.2.4.Final.jar:7.2.4.Final]
	at org.hibernate.boot.internal.InFlightMetadataCollectorImpl.<init>(InFlightMetadataCollectorImpl.java:203) ~[hibernate-core-7.2.4.Final.jar:7.2.4.Final]
	at org.hibernate.boot.model.process.spi.MetadataBuildingProcess.complete(MetadataBuildingProcess.java:170) ~[hibernate-core-7.2.4.Final.jar:7.2.4.Final]
	at org.hibernate.jpa.boot.internal.EntityManagerFactoryBuilderImpl.metadata(EntityManagerFactoryBuilderImpl.java:1392) ~[hibernate-core-7.2.4.Final.jar:7.2.4.Final]
	at org.hibernate.jpa.boot.internal.EntityManagerFactoryBuilderImpl.populateSessionFactoryBuilder(EntityManagerFactoryBuilderImpl.java:1472) ~[hibernate-core-7.2.4.Final.jar:7.2.4.Final]
	at org.hibernate.jpa.boot.internal.EntityManagerFactoryBuilderImpl.build(EntityManagerFactoryBuilderImpl.java:1454) ~[hibernate-core-7.2.4.Final.jar:7.2.4.Final]
	at org.springframework.orm.jpa.vendor.SpringHibernateJpaPersistenceProvider.createContainerEntityManagerFactory(SpringHibernateJpaPersistenceProvider.java:93) ~[spring-orm-7.0.5.jar:7.0.5]
	at org.springframework.orm.jpa.LocalContainerEntityManagerFactoryBean.createNativeEntityManagerFactory(LocalContainerEntityManagerFactoryBean.java:443) ~[spring-orm-7.0.5.jar:7.0.5]
	at org.springframework.orm.jpa.AbstractEntityManagerFactoryBean.buildNativeEntityManagerFactory(AbstractEntityManagerFactoryBean.java:436) ~[spring-orm-7.0.5.jar:7.0.5]
	at org.springframework.orm.jpa.AbstractEntityManagerFactoryBean.afterPropertiesSet(AbstractEntityManagerFactoryBean.java:411) ~[spring-orm-7.0.5.jar:7.0.5]
	at org.springframework.orm.jpa.LocalContainerEntityManagerFactoryBean.afterPropertiesSet(LocalContainerEntityManagerFactoryBean.java:419) ~[spring-orm-7.0.5.jar:7.0.5]
	at org.springframework.beans.factory.support.AbstractAutowireCapableBeanFactory.invokeInitMethods(AbstractAutowireCapableBeanFactory.java:1864) ~[spring-beans-7.0.5.jar:7.0.5]
	at org.springframework.beans.factory.support.AbstractAutowireCapableBeanFactory.initializeBean(AbstractAutowireCapableBeanFactory.java:1813) ~[spring-beans-7.0.5.jar:7.0.5]
	at org.springframework.beans.factory.support.AbstractAutowireCapableBeanFactory.doCreateBean(AbstractAutowireCapableBeanFactory.java:603) ~[spring-beans-7.0.5.jar:7.0.5]
	at org.springframework.beans.factory.support.AbstractAutowireCapableBeanFactory.createBean(AbstractAutowireCapableBeanFactory.java:525) ~[spring-beans-7.0.5.jar:7.0.5]
	at org.springframework.beans.factory.support.AbstractBeanFactory.lambda$doGetBean$0(AbstractBeanFactory.java:333) ~[spring-beans-7.0.5.jar:7.0.5]
	at org.springframework.beans.factory.support.DefaultSingletonBeanRegistry.getSingleton(DefaultSingletonBeanRegistry.java:371) ~[spring-beans-7.0.5.jar:7.0.5]
	at org.springframework.beans.factory.support.AbstractBeanFactory.doGetBean(AbstractBeanFactory.java:331) ~[spring-beans-7.0.5.jar:7.0.5]
	at org.springframework.beans.factory.support.AbstractBeanFactory.getBean(AbstractBeanFactory.java:201) ~[spring-beans-7.0.5.jar:7.0.5]
	at org.springframework.context.support.AbstractApplicationContext.finishBeanFactoryInitialization(AbstractApplicationContext.java:977) ~[spring-context-7.0.5.jar:7.0.5]
	at org.springframework.context.support.AbstractApplicationContext.refresh(AbstractApplicationContext.java:621) ~[spring-context-7.0.5.jar:7.0.5]
	at org.springframework.boot.SpringApplication.refresh(SpringApplication.java:756) ~[spring-boot-4.0.3.jar:4.0.3]
	at org.springframework.boot.SpringApplication.refreshContext(SpringApplication.java:445) ~[spring-boot-4.0.3.jar:4.0.3]
	at org.springframework.boot.SpringApplication.run(SpringApplication.java:321) ~[spring-boot-4.0.3.jar:4.0.3]
	at org.springframework.boot.web.servlet.support.SpringBootServletInitializer.run(SpringBootServletInitializer.java:205) ~[spring-boot-4.0.3.jar:4.0.3]
	at org.springframework.boot.web.servlet.support.SpringBootServletInitializer.createRootApplicationContext(SpringBootServletInitializer.java:181) ~[spring-boot-4.0.3.jar:4.0.3]
	at org.springframework.boot.web.servlet.support.SpringBootServletInitializer.onStartup(SpringBootServletInitializer.java:109) ~[spring-boot-4.0.3.jar:4.0.3]
	at org.springframework.web.SpringServletContainerInitializer.onStartup(SpringServletContainerInitializer.java:171) ~[spring-web-7.0.5.jar:7.0.5]
	at org.apache.catalina.core.StandardContext.startInternal(StandardContext.java:4393) ~[catalina.jar:11.0.1]
	at org.apache.catalina.util.LifecycleBase.start(LifecycleBase.java:164) ~[catalina.jar:11.0.1]
	at org.apache.catalina.core.ContainerBase.addChild(ContainerBase.java:566) ~[catalina.jar:11.0.1]
	at org.apache.catalina.core.StandardHost.addChild(StandardHost.java:653) ~[catalina.jar:11.0.1]
	at org.apache.catalina.startup.HostConfig.deployWAR(HostConfig.java:933) ~[catalina.jar:11.0.1]
	at org.apache.catalina.startup.HostConfig$DeployWar.run(HostConfig.java:1875) ~[catalina.jar:11.0.1]
	at java.base/java.util.concurrent.Executors$RunnableAdapter.call(Executors.java:539) ~[na:na]
	at java.base/java.util.concurrent.FutureTask.run(FutureTask.java:264) ~[na:na]
	at org.apache.tomcat.util.threads.InlineExecutorService.execute(InlineExecutorService.java:75) ~[tomcat-util.jar:11.0.1]
	at java.base/java.util.concurrent.AbstractExecutorService.submit(AbstractExecutorService.java:123) ~[na:na]
	at org.apache.catalina.startup.HostConfig.deployWARs(HostConfig.java:735) ~[catalina.jar:11.0.1]
	at org.apache.catalina.startup.HostConfig.deployApps(HostConfig.java:387) ~[catalina.jar:11.0.1]
	at org.apache.catalina.startup.HostConfig.start(HostConfig.java:1593) ~[catalina.jar:11.0.1]
	at org.apache.catalina.startup.HostConfig.lifecycleEvent(HostConfig.java:267) ~[catalina.jar:11.0.1]
	at org.apache.catalina.util.LifecycleBase.fireLifecycleEvent(LifecycleBase.java:109) ~[catalina.jar:11.0.1]
	at org.apache.catalina.util.LifecycleBase.setStateInternal(LifecycleBase.java:389) ~[catalina.jar:11.0.1]
	at org.apache.catalina.util.LifecycleBase.setState(LifecycleBase.java:336) ~[catalina.jar:11.0.1]
	at org.apache.catalina.core.ContainerBase.startInternal(ContainerBase.java:743) ~[catalina.jar:11.0.1]
	at org.apache.catalina.core.StandardHost.startInternal(StandardHost.java:771) ~[catalina.jar:11.0.1]
	at org.apache.catalina.util.LifecycleBase.start(LifecycleBase.java:164) ~[catalina.jar:11.0.1]
	at org.apache.catalina.core.ContainerBase$StartChild.call(ContainerBase.java:1170) ~[catalina.jar:11.0.1]
	at org.apache.catalina.core.ContainerBase$StartChild.call(ContainerBase.java:1160) ~[catalina.jar:11.0.1]
	at java.base/java.util.concurrent.FutureTask.run(FutureTask.java:264) ~[na:na]
	at org.apache.tomcat.util.threads.InlineExecutorService.execute(InlineExecutorService.java:75) ~[tomcat-util.jar:11.0.1]
	at java.base/java.util.concurrent.AbstractExecutorService.submit(AbstractExecutorService.java:145) ~[na:na]
	at org.apache.catalina.core.ContainerBase.startInternal(ContainerBase.java:716) ~[catalina.jar:11.0.1]
	at org.apache.catalina.core.StandardEngine.startInternal(StandardEngine.java:203) ~[catalina.jar:11.0.1]
	at org.apache.catalina.util.LifecycleBase.start(LifecycleBase.java:164) ~[catalina.jar:11.0.1]
	at org.apache.catalina.core.StandardService.startInternal(StandardService.java:415) ~[catalina.jar:11.0.1]
	at org.apache.catalina.util.LifecycleBase.start(LifecycleBase.java:164) ~[catalina.jar:11.0.1]
	at org.apache.catalina.core.StandardServer.startInternal(StandardServer.java:866) ~[catalina.jar:11.0.1]
	at org.apache.catalina.util.LifecycleBase.start(LifecycleBase.java:164) ~[catalina.jar:11.0.1]
	at org.apache.catalina.startup.Catalina.start(Catalina.java:755) ~[catalina.jar:11.0.1]
	at java.base/jdk.internal.reflect.NativeMethodAccessorImpl.invoke0(Native Method) ~[na:na]
	at java.base/jdk.internal.reflect.NativeMethodAccessorImpl.invoke(NativeMethodAccessorImpl.java:77) ~[na:na]
	at java.base/jdk.internal.reflect.DelegatingMethodAccessorImpl.invoke(DelegatingMethodAccessorImpl.java:43) ~[na:na]
	at java.base/java.lang.reflect.Method.invoke(Method.java:569) ~[na:na]
	at org.apache.catalina.startup.Bootstrap.start(Bootstrap.java:342) ~[bootstrap.jar:11.0.1]
	at org.apache.catalina.startup.Bootstrap.main(Bootstrap.java:470) ~[bootstrap.jar:11.0.1]
Caused by: java.sql.SQLTransientConnectionException: java.net.ConnectException: Connexion refusée
	at org.hsqldb.jdbc.JDBCUtil.sqlException(Unknown Source) ~[hsqldb-2.7.3.jar:2.7.3]
	at org.hsqldb.jdbc.JDBCUtil.sqlException(Unknown Source) ~[hsqldb-2.7.3.jar:2.7.3]
	at org.hsqldb.jdbc.JDBCConnection.<init>(Unknown Source) ~[hsqldb-2.7.3.jar:2.7.3]
	at org.hsqldb.jdbc.JDBCDriver$1.run(Unknown Source) ~[hsqldb-2.7.3.jar:2.7.3]
Caused by: org.hsqldb.HsqlException: java.net.ConnectException: Connexion refusée
	at org.hsqldb.ClientConnection.openConnection(Unknown Source) ~[hsqldb-2.7.3.jar:2.7.3]
	at org.hsqldb.ClientConnection.initConnection(Unknown Source) ~[hsqldb-2.7.3.jar:2.7.3]
	at org.hsqldb.ClientConnection.<init>(Unknown Source) ~[hsqldb-2.7.3.jar:2.7.3]
	... 2 common frames omitted
Caused by: java.net.ConnectException: Connexion refusée
	at java.base/sun.nio.ch.Net.connect0(Native Method) ~[na:na]
	at java.base/sun.nio.ch.Net.connect(Net.java:591) ~[na:na]
	at java.base/sun.nio.ch.Net.connect(Net.java:580) ~[na:na]
	at java.base/sun.nio.ch.NioSocketImpl.connect(NioSocketImpl.java:593) ~[na:na]
	at java.base/java.net.SocksSocketImpl.connect(SocksSocketImpl.java:327) ~[na:na]
	at java.base/java.net.Socket.connect(Socket.java:633) ~[na:na]
	at java.base/java.net.Socket.connect(Socket.java:583) ~[na:na]
	at java.base/java.net.Socket.<init>(Socket.java:507) ~[na:na]
	at java.base/java.net.Socket.<init>(Socket.java:287) ~[na:na]
	at org.hsqldb.server.HsqlSocketFactory.createSocket(Unknown Source) ~[hsqldb-2.7.3.jar:2.7.3]
	... 5 common frames omitted

2026-03-03T16:41:50.530+01:00  WARN 1642039 --- [facade] [           main] org.hibernate.orm.deprecation            : HHH90000025: HSQLDialect does not need to be specified explicitly using 'hibernate.dialect' (remove the property setting and it will be selected by default)
2026-03-03T16:41:53.903+01:00  INFO 1642039 --- [facade] [           main] org.hibernate.orm.connections.pooling    : HHH10001005: Database info:
	Database JDBC URL [undefined/unknown]
	Database driver: undefined/unknown
	Database dialect: HSQLDialect
	Database version: 2.6.1
	Default catalog/schema: unknown/unknown
	Autocommit mode: undefined/unknown
	Isolation level: NONE [default NONE]
	JDBC fetch size: undefined/unknown
	Pool: DataSourceConnectionProvider
	Minimum pool size: undefined/unknown
	Maximum pool size: undefined/unknown
2026-03-03T16:43:24.916+01:00  INFO 1642039 --- [facade] [           main] org.hibernate.orm.core                   : HHH000489: No JTA platform available (set 'hibernate.transaction.jta.platform' to enable JTA platform integration)
2026-03-03T16:43:26.599+01:00  INFO 1642039 --- [facade] [           main] j.LocalContainerEntityManagerFactoryBean : Initialized JPA EntityManagerFactory for persistence unit 'default'
2026-03-03T16:43:27.224+01:00  WARN 1642039 --- [facade] [           main] JpaBaseConfiguration$JpaWebConfiguration : spring.jpa.open-in-view is enabled by default. Therefore, database queries may be performed during view rendering. Explicitly configure spring.jpa.open-in-view to disable this warning
2026-03-03T16:43:32.412+01:00  INFO 1642039 --- [facade] [           main] n7.facade.ServletInitializer             : Started ServletInitializer in 237.66 seconds (process running for 284.893)
03-Mar-2026 16:43:32.515 INFOS [main] org.apache.catalina.startup.HostConfig.deployWAR Le déploiement de l'archive de l'application web [/home/fek2775/Annee_2/AppWeb/TP3/apache-tomcat-11.0.1/webapps/facade-0.0.1-SNAPSHOT.war] s'est terminé en [282 863] ms
03-Mar-2026 16:43:32.517 INFOS [main] org.apache.catalina.startup.HostConfig.deployDirectory Déploiement du répertoire d'application web [/home/fek2775/Annee_2/AppWeb/TP3/apache-tomcat-11.0.1/webapps/ROOT]
03-Mar-2026 16:43:32.580 INFOS [main] org.apache.catalina.startup.HostConfig.deployDirectory Le déploiement du répertoire [/home/fek2775/Annee_2/AppWeb/TP3/apache-tomcat-11.0.1/webapps/ROOT] de l'application web s'est terminé en [63] ms
03-Mar-2026 16:43:32.581 INFOS [main] org.apache.catalina.startup.HostConfig.deployDirectory Déploiement du répertoire d'application web [/home/fek2775/Annee_2/AppWeb/TP3/apache-tomcat-11.0.1/webapps/manager]
03-Mar-2026 16:43:32.639 INFOS [main] org.apache.catalina.startup.HostConfig.deployDirectory Le déploiement du répertoire [/home/fek2775/Annee_2/AppWeb/TP3/apache-tomcat-11.0.1/webapps/manager] de l'application web s'est terminé en [57] ms
03-Mar-2026 16:43:32.641 INFOS [main] org.apache.catalina.startup.HostConfig.deployDirectory Déploiement du répertoire d'application web [/home/fek2775/Annee_2/AppWeb/TP3/apache-tomcat-11.0.1/webapps/examples]
03-Mar-2026 16:43:33.293 INFOS [main] org.apache.catalina.startup.HostConfig.deployDirectory Le déploiement du répertoire [/home/fek2775/Annee_2/AppWeb/TP3/apache-tomcat-11.0.1/webapps/examples] de l'application web s'est terminé en [652] ms
03-Mar-2026 16:43:33.295 INFOS [main] org.apache.catalina.startup.HostConfig.deployDirectory Déploiement du répertoire d'application web [/home/fek2775/Annee_2/AppWeb/TP3/apache-tomcat-11.0.1/webapps/docs]
03-Mar-2026 16:43:33.348 INFOS [main] org.apache.catalina.startup.HostConfig.deployDirectory Le déploiement du répertoire [/home/fek2775/Annee_2/AppWeb/TP3/apache-tomcat-11.0.1/webapps/docs] de l'application web s'est terminé en [53] ms
03-Mar-2026 16:43:33.350 INFOS [main] org.apache.catalina.startup.HostConfig.deployDirectory Déploiement du répertoire d'application web [/home/fek2775/Annee_2/AppWeb/TP3/apache-tomcat-11.0.1/webapps/host-manager]
03-Mar-2026 16:43:33.423 INFOS [main] org.apache.catalina.startup.HostConfig.deployDirectory Le déploiement du répertoire [/home/fek2775/Annee_2/AppWeb/TP3/apache-tomcat-11.0.1/webapps/host-manager] de l'application web s'est terminé en [73] ms
03-Mar-2026 16:43:33.426 INFOS [main] org.apache.coyote.AbstractProtocol.start Démarrage du gestionnaire de protocole ["http-nio-8080"]
03-Mar-2026 16:43:33.441 INFOS [main] org.apache.catalina.startup.Catalina.start Le démarrage du serveur a pris [285118] millisecondes
03-Mar-2026 16:43:43.433 INFOS [Catalina-utility-1] org.apache.catalina.startup.HostConfig.undeploy Retrait de l'application web ayant pour chemin de contexte [/facade-0.0.1-SNAPSHOT]
03-Mar-2026 16:43:44.043 INFOS [Catalina-utility-1] org.apache.catalina.startup.HostConfig.deployWAR Déploiement de l'archive [/home/fek2775/Annee_2/AppWeb/TP3/apache-tomcat-11.0.1/webapps/facade-0.0.1-SNAPSHOT.war] de l'application web
03-Mar-2026 16:43:48.576 INFOS [Catalina-utility-1] org.apache.jasper.servlet.TldScanner.scanJars Au moins un fichier JAR a été analysé pour trouver des TLDs mais il n'en contenait pas, le mode "debug" du journal peut être activé pour obtenir une liste complète de JAR scannés sans succès ; éviter d'analyser des JARs inutilement peut améliorer sensiblement le temps de démarrage et le temps de compilation des JSPs

  .   ____          _            __ _ _
 /\\ / ___'_ __ _ _(_)_ __  __ _ \ \ \ \
( ( )\___ | '_ | '_| | '_ \/ _` | \ \ \ \
 \\/  ___)| |_)| | | | | || (_| |  ) ) ) )
  '  |____| .__|_| |_|_| |_\__, | / / / /
 =========|_|==============|___/=/_/_/_/

 :: Spring Boot ::                (v4.0.3)

2026-03-03T16:43:49.084+01:00  INFO 1642039 --- [facade] [alina-utility-1] n7.facade.ServletInitializer             : Starting ServletInitializer v0.0.1-SNAPSHOT using Java 17.0.18 with PID 1642039 (/home/fek2775/Annee_2/AppWeb/TP3/apache-tomcat-11.0.1/webapps/facade-0.0.1-SNAPSHOT/WEB-INF/classes started by fek2775 in /home/fek2775/Annee_2/AppWeb/TP3)
2026-03-03T16:43:49.085+01:00  INFO 1642039 --- [facade] [alina-utility-1] n7.facade.ServletInitializer             : No active profile set, falling back to 1 default profile: "default"
2026-03-03T16:43:49.479+01:00  INFO 1642039 --- [facade] [alina-utility-1] .s.d.r.c.RepositoryConfigurationDelegate : Bootstrapping Spring Data JPA repositories in DEFAULT mode.
2026-03-03T16:43:49.494+01:00  INFO 1642039 --- [facade] [alina-utility-1] .s.d.r.c.RepositoryConfigurationDelegate : Finished Spring Data repository scanning in 9 ms. Found 0 JPA repository interfaces.
2026-03-03T16:43:49.600+01:00  INFO 1642039 --- [facade] [alina-utility-1] b.w.c.s.WebApplicationContextInitializer : Root WebApplicationContext: initialization completed in 492 ms
2026-03-03T16:43:49.912+01:00  INFO 1642039 --- [facade] [alina-utility-1] org.hibernate.orm.jpa                    : HHH008540: Processing PersistenceUnitInfo [name: default]
2026-03-03T16:43:50.136+01:00  INFO 1642039 --- [facade] [alina-utility-1] org.hibernate.orm.core                   : HHH000001: Hibernate ORM core version 7.2.4.Final
2026-03-03T16:43:50.800+01:00  INFO 1642039 --- [facade] [alina-utility-1] o.s.o.j.p.SpringPersistenceUnitInfo      : No LoadTimeWeaver setup: ignoring JPA class transformer
2026-03-03T16:43:50.849+01:00  INFO 1642039 --- [facade] [alina-utility-1] com.zaxxer.hikari.HikariDataSource       : HikariPool-2 - Starting...
2026-03-03T16:43:51.881+01:00  WARN 1642039 --- [facade] [alina-utility-1] org.hibernate.orm.jdbc.error             : HHH000247: ErrorCode: -1301, SQLState: 08001
2026-03-03T16:43:51.881+01:00  WARN 1642039 --- [facade] [alina-utility-1] org.hibernate.orm.jdbc.error             : java.net.ConnectException: Connexion refusée
2026-03-03T16:43:51.882+01:00  WARN 1642039 --- [facade] [alina-utility-1] org.hibernate.orm.jdbc                   : HHH100046: Could not obtain connection to query JDBC database metadata

org.hibernate.exception.JDBCConnectionException: Unable to obtain isolated JDBC connection [java.net.ConnectException: Connexion refusée] [n/a]
	at org.hibernate.exception.internal.SQLStateConversionDelegate.convert(SQLStateConversionDelegate.java:80) ~[hibernate-core-7.2.4.Final.jar:7.2.4.Final]
	at org.hibernate.exception.internal.StandardSQLExceptionConverter.convert(StandardSQLExceptionConverter.java:34) ~[hibernate-core-7.2.4.Final.jar:7.2.4.Final]
	at org.hibernate.engine.jdbc.spi.SqlExceptionHelper.convert(SqlExceptionHelper.java:115) ~[hibernate-core-7.2.4.Final.jar:7.2.4.Final]
	at org.hibernate.engine.jdbc.spi.SqlExceptionHelper.convert(SqlExceptionHelper.java:101) ~[hibernate-core-7.2.4.Final.jar:7.2.4.Final]
	at org.hibernate.resource.transaction.backend.jdbc.internal.JdbcIsolationDelegate.delegateWork(JdbcIsolationDelegate.java:51) ~[hibernate-core-7.2.4.Final.jar:7.2.4.Final]
	at org.hibernate.engine.jdbc.env.internal.JdbcEnvironmentInitiator.getJdbcEnvironmentUsingJdbcMetadata(JdbcEnvironmentInitiator.java:366) ~[hibernate-core-7.2.4.Final.jar:7.2.4.Final]
	at org.hibernate.engine.jdbc.env.internal.JdbcEnvironmentInitiator.getJdbcEnvironment(JdbcEnvironmentInitiator.java:143) ~[hibernate-core-7.2.4.Final.jar:7.2.4.Final]
	at org.hibernate.engine.jdbc.env.internal.JdbcEnvironmentInitiator.initiateService(JdbcEnvironmentInitiator.java:120) ~[hibernate-core-7.2.4.Final.jar:7.2.4.Final]
	at org.hibernate.engine.jdbc.env.internal.JdbcEnvironmentInitiator.initiateService(JdbcEnvironmentInitiator.java:80) ~[hibernate-core-7.2.4.Final.jar:7.2.4.Final]
	at org.hibernate.boot.registry.internal.StandardServiceRegistryImpl.initiateService(StandardServiceRegistryImpl.java:133) ~[hibernate-core-7.2.4.Final.jar:7.2.4.Final]
	at org.hibernate.service.internal.AbstractServiceRegistryImpl.createService(AbstractServiceRegistryImpl.java:260) ~[hibernate-core-7.2.4.Final.jar:7.2.4.Final]
	at org.hibernate.service.internal.AbstractServiceRegistryImpl.initializeService(AbstractServiceRegistryImpl.java:235) ~[hibernate-core-7.2.4.Final.jar:7.2.4.Final]
	at org.hibernate.service.internal.AbstractServiceRegistryImpl.getService(AbstractServiceRegistryImpl.java:212) ~[hibernate-core-7.2.4.Final.jar:7.2.4.Final]
	at org.hibernate.boot.model.relational.Database.<init>(Database.java:44) ~[hibernate-core-7.2.4.Final.jar:7.2.4.Final]
	at org.hibernate.boot.internal.InFlightMetadataCollectorImpl.getDatabase(InFlightMetadataCollectorImpl.java:251) ~[hibernate-core-7.2.4.Final.jar:7.2.4.Final]
	at org.hibernate.boot.internal.InFlightMetadataCollectorImpl.<init>(InFlightMetadataCollectorImpl.java:203) ~[hibernate-core-7.2.4.Final.jar:7.2.4.Final]
	at org.hibernate.boot.model.process.spi.MetadataBuildingProcess.complete(MetadataBuildingProcess.java:170) ~[hibernate-core-7.2.4.Final.jar:7.2.4.Final]
	at org.hibernate.jpa.boot.internal.EntityManagerFactoryBuilderImpl.metadata(EntityManagerFactoryBuilderImpl.java:1392) ~[hibernate-core-7.2.4.Final.jar:7.2.4.Final]
	at org.hibernate.jpa.boot.internal.EntityManagerFactoryBuilderImpl.populateSessionFactoryBuilder(EntityManagerFactoryBuilderImpl.java:1472) ~[hibernate-core-7.2.4.Final.jar:7.2.4.Final]
	at org.hibernate.jpa.boot.internal.EntityManagerFactoryBuilderImpl.build(EntityManagerFactoryBuilderImpl.java:1454) ~[hibernate-core-7.2.4.Final.jar:7.2.4.Final]
	at org.springframework.orm.jpa.vendor.SpringHibernateJpaPersistenceProvider.createContainerEntityManagerFactory(SpringHibernateJpaPersistenceProvider.java:93) ~[spring-orm-7.0.5.jar:7.0.5]
	at org.springframework.orm.jpa.LocalContainerEntityManagerFactoryBean.createNativeEntityManagerFactory(LocalContainerEntityManagerFactoryBean.java:443) ~[spring-orm-7.0.5.jar:7.0.5]
	at org.springframework.orm.jpa.AbstractEntityManagerFactoryBean.buildNativeEntityManagerFactory(AbstractEntityManagerFactoryBean.java:436) ~[spring-orm-7.0.5.jar:7.0.5]
	at org.springframework.orm.jpa.AbstractEntityManagerFactoryBean.afterPropertiesSet(AbstractEntityManagerFactoryBean.java:411) ~[spring-orm-7.0.5.jar:7.0.5]
	at org.springframework.orm.jpa.LocalContainerEntityManagerFactoryBean.afterPropertiesSet(LocalContainerEntityManagerFactoryBean.java:419) ~[spring-orm-7.0.5.jar:7.0.5]
	at org.springframework.beans.factory.support.AbstractAutowireCapableBeanFactory.invokeInitMethods(AbstractAutowireCapableBeanFactory.java:1864) ~[spring-beans-7.0.5.jar:7.0.5]
	at org.springframework.beans.factory.support.AbstractAutowireCapableBeanFactory.initializeBean(AbstractAutowireCapableBeanFactory.java:1813) ~[spring-beans-7.0.5.jar:7.0.5]
	at org.springframework.beans.factory.support.AbstractAutowireCapableBeanFactory.doCreateBean(AbstractAutowireCapableBeanFactory.java:603) ~[spring-beans-7.0.5.jar:7.0.5]
	at org.springframework.beans.factory.support.AbstractAutowireCapableBeanFactory.createBean(AbstractAutowireCapableBeanFactory.java:525) ~[spring-beans-7.0.5.jar:7.0.5]
	at org.springframework.beans.factory.support.AbstractBeanFactory.lambda$doGetBean$0(AbstractBeanFactory.java:333) ~[spring-beans-7.0.5.jar:7.0.5]
	at org.springframework.beans.factory.support.DefaultSingletonBeanRegistry.getSingleton(DefaultSingletonBeanRegistry.java:371) ~[spring-beans-7.0.5.jar:7.0.5]
	at org.springframework.beans.factory.support.AbstractBeanFactory.doGetBean(AbstractBeanFactory.java:331) ~[spring-beans-7.0.5.jar:7.0.5]
	at org.springframework.beans.factory.support.AbstractBeanFactory.getBean(AbstractBeanFactory.java:201) ~[spring-beans-7.0.5.jar:7.0.5]
	at org.springframework.context.support.AbstractApplicationContext.finishBeanFactoryInitialization(AbstractApplicationContext.java:977) ~[spring-context-7.0.5.jar:7.0.5]
	at org.springframework.context.support.AbstractApplicationContext.refresh(AbstractApplicationContext.java:621) ~[spring-context-7.0.5.jar:7.0.5]
	at org.springframework.boot.SpringApplication.refresh(SpringApplication.java:756) ~[spring-boot-4.0.3.jar:4.0.3]
	at org.springframework.boot.SpringApplication.refreshContext(SpringApplication.java:445) ~[spring-boot-4.0.3.jar:4.0.3]
	at org.springframework.boot.SpringApplication.run(SpringApplication.java:321) ~[spring-boot-4.0.3.jar:4.0.3]
	at org.springframework.boot.web.servlet.support.SpringBootServletInitializer.run(SpringBootServletInitializer.java:205) ~[spring-boot-4.0.3.jar:4.0.3]
	at org.springframework.boot.web.servlet.support.SpringBootServletInitializer.createRootApplicationContext(SpringBootServletInitializer.java:181) ~[spring-boot-4.0.3.jar:4.0.3]
	at org.springframework.boot.web.servlet.support.SpringBootServletInitializer.onStartup(SpringBootServletInitializer.java:109) ~[spring-boot-4.0.3.jar:4.0.3]
	at org.springframework.web.SpringServletContainerInitializer.onStartup(SpringServletContainerInitializer.java:171) ~[spring-web-7.0.5.jar:7.0.5]
	at org.apache.catalina.core.StandardContext.startInternal(StandardContext.java:4393) ~[catalina.jar:11.0.1]
	at org.apache.catalina.util.LifecycleBase.start(LifecycleBase.java:164) ~[catalina.jar:11.0.1]
	at org.apache.catalina.core.ContainerBase.addChild(ContainerBase.java:566) ~[catalina.jar:11.0.1]
	at org.apache.catalina.core.StandardHost.addChild(StandardHost.java:653) ~[catalina.jar:11.0.1]
	at org.apache.catalina.startup.HostConfig.deployWAR(HostConfig.java:933) ~[catalina.jar:11.0.1]
	at org.apache.catalina.startup.HostConfig$DeployWar.run(HostConfig.java:1875) ~[catalina.jar:11.0.1]
	at java.base/java.util.concurrent.Executors$RunnableAdapter.call(Executors.java:539) ~[na:na]
	at java.base/java.util.concurrent.FutureTask.run(FutureTask.java:264) ~[na:na]
	at org.apache.tomcat.util.threads.InlineExecutorService.execute(InlineExecutorService.java:75) ~[tomcat-util.jar:11.0.1]
	at java.base/java.util.concurrent.AbstractExecutorService.submit(AbstractExecutorService.java:123) ~[na:na]
	at org.apache.catalina.startup.HostConfig.deployWARs(HostConfig.java:735) ~[catalina.jar:11.0.1]
	at org.apache.catalina.startup.HostConfig.deployApps(HostConfig.java:387) ~[catalina.jar:11.0.1]
	at org.apache.catalina.startup.HostConfig.check(HostConfig.java:1642) ~[catalina.jar:11.0.1]
	at org.apache.catalina.startup.HostConfig.lifecycleEvent(HostConfig.java:263) ~[catalina.jar:11.0.1]
	at org.apache.catalina.util.LifecycleBase.fireLifecycleEvent(LifecycleBase.java:109) ~[catalina.jar:11.0.1]
	at org.apache.catalina.core.ContainerBase.backgroundProcess(ContainerBase.java:940) ~[catalina.jar:11.0.1]
	at org.apache.catalina.core.ContainerBase$ContainerBackgroundProcessor.processChildren(ContainerBase.java:1139) ~[catalina.jar:11.0.1]
	at org.apache.catalina.core.ContainerBase$ContainerBackgroundProcessor.processChildren(ContainerBase.java:1143) ~[catalina.jar:11.0.1]
	at org.apache.catalina.core.ContainerBase$ContainerBackgroundProcessor.run(ContainerBase.java:1121) ~[catalina.jar:11.0.1]
	at java.base/java.util.concurrent.Executors$RunnableAdapter.call(Executors.java:539) ~[na:na]
	at java.base/java.util.concurrent.FutureTask.runAndReset(FutureTask.java:305) ~[na:na]
	at java.base/java.util.concurrent.ScheduledThreadPoolExecutor$ScheduledFutureTask.run(ScheduledThreadPoolExecutor.java:305) ~[na:na]
	at java.base/java.util.concurrent.ThreadPoolExecutor.runWorker(ThreadPoolExecutor.java:1136) ~[na:na]
	at java.base/java.util.concurrent.ThreadPoolExecutor$Worker.run(ThreadPoolExecutor.java:635) ~[na:na]
	at org.apache.tomcat.util.threads.TaskThread$WrappingRunnable.run(TaskThread.java:63) ~[tomcat-util.jar:11.0.1]
	at java.base/java.lang.Thread.run(Thread.java:840) ~[na:na]
Caused by: java.sql.SQLTransientConnectionException: java.net.ConnectException: Connexion refusée
	at org.hsqldb.jdbc.JDBCUtil.sqlException(Unknown Source) ~[hsqldb-2.7.3.jar:2.7.3]
	at org.hsqldb.jdbc.JDBCUtil.sqlException(Unknown Source) ~[hsqldb-2.7.3.jar:2.7.3]
	at org.hsqldb.jdbc.JDBCConnection.<init>(Unknown Source) ~[hsqldb-2.7.3.jar:2.7.3]
	at org.hsqldb.jdbc.JDBCDriver$1.run(Unknown Source) ~[hsqldb-2.7.3.jar:2.7.3]
Caused by: org.hsqldb.HsqlException: java.net.ConnectException: Connexion refusée
	at org.hsqldb.ClientConnection.openConnection(Unknown Source) ~[hsqldb-2.7.3.jar:2.7.3]
	at org.hsqldb.ClientConnection.initConnection(Unknown Source) ~[hsqldb-2.7.3.jar:2.7.3]
	at org.hsqldb.ClientConnection.<init>(Unknown Source) ~[hsqldb-2.7.3.jar:2.7.3]
	... 2 common frames omitted
Caused by: java.net.ConnectException: Connexion refusée
	at java.base/sun.nio.ch.Net.connect0(Native Method) ~[na:na]
	at java.base/sun.nio.ch.Net.connect(Net.java:591) ~[na:na]
	at java.base/sun.nio.ch.Net.connect(Net.java:580) ~[na:na]
	at java.base/sun.nio.ch.NioSocketImpl.connect(NioSocketImpl.java:593) ~[na:na]
	at java.base/java.net.SocksSocketImpl.connect(SocksSocketImpl.java:327) ~[na:na]
	at java.base/java.net.Socket.connect(Socket.java:633) ~[na:na]
	at java.base/java.net.Socket.connect(Socket.java:583) ~[na:na]
	at java.base/java.net.Socket.<init>(Socket.java:507) ~[na:na]
	at java.base/java.net.Socket.<init>(Socket.java:287) ~[na:na]
	at org.hsqldb.server.HsqlSocketFactory.createSocket(Unknown Source) ~[hsqldb-2.7.3.jar:2.7.3]
	... 5 common frames omitted

2026-03-03T16:43:51.922+01:00  WARN 1642039 --- [facade] [alina-utility-1] org.hibernate.orm.deprecation            : HHH90000025: HSQLDialect does not need to be specified explicitly using 'hibernate.dialect' (remove the property setting and it will be selected by default)
2026-03-03T16:43:51.937+01:00  INFO 1642039 --- [facade] [alina-utility-1] org.hibernate.orm.connections.pooling    : HHH10001005: Database info:
	Database JDBC URL [undefined/unknown]
	Database driver: undefined/unknown
	Database dialect: HSQLDialect
	Database version: 2.6.1
	Default catalog/schema: unknown/unknown
	Autocommit mode: undefined/unknown
	Isolation level: NONE [default NONE]
	JDBC fetch size: undefined/unknown
	Pool: DataSourceConnectionProvider
	Minimum pool size: undefined/unknown
	Maximum pool size: undefined/unknown
2026-03-03T16:43:52.350+01:00  INFO 1642039 --- [facade] [alina-utility-1] org.hibernate.orm.core                   : HHH000489: No JTA platform available (set 'hibernate.transaction.jta.platform' to enable JTA platform integration)
2026-03-03T16:43:52.360+01:00  INFO 1642039 --- [facade] [alina-utility-1] j.LocalContainerEntityManagerFactoryBean : Initialized JPA EntityManagerFactory for persistence unit 'default'
2026-03-03T16:43:52.430+01:00  WARN 1642039 --- [facade] [alina-utility-1] JpaBaseConfiguration$JpaWebConfiguration : spring.jpa.open-in-view is enabled by default. Therefore, database queries may be performed during view rendering. Explicitly configure spring.jpa.open-in-view to disable this warning
2026-03-03T16:43:52.757+01:00  INFO 1642039 --- [facade] [alina-utility-1] n7.facade.ServletInitializer             : Started ServletInitializer in 4.054 seconds (process running for 305.238)
03-Mar-2026 16:43:52.824 INFOS [Catalina-utility-1] org.apache.catalina.startup.HostConfig.deployWAR Le déploiement de l'archive de l'application web [/home/fek2775/Annee_2/AppWeb/TP3/apache-tomcat-11.0.1/webapps/facade-0.0.1-SNAPSHOT.war] s'est terminé en [8 781] ms
2026-03-03T16:46:44.658+01:00  INFO 1642039 --- [facade] [io-8080-exec-11] o.s.web.servlet.DispatcherServlet        : Initializing Servlet 'dispatcherServlet'
2026-03-03T16:46:44.660+01:00  INFO 1642039 --- [facade] [io-8080-exec-11] o.s.web.servlet.DispatcherServlet        : Completed initialization in 1 ms
2026-03-03T16:46:50.600+01:00  WARN 1642039 --- [facade] [io-8080-exec-13] .w.s.m.s.DefaultHandlerExceptionResolver : Resolved [org.springframework.web.HttpRequestMethodNotSupportedException: Request method 'GET' is not supported]
2026-03-03T16:52:26.903+01:00  WARN 1642039 --- [facade] [io-8080-exec-16] .w.s.m.s.DefaultHandlerExceptionResolver : Resolved [org.springframework.web.HttpRequestMethodNotSupportedException: Request method 'GET' is not supported]
2026-03-03T16:52:31.783+01:00  WARN 1642039 --- [facade] [io-8080-exec-12] .w.s.m.s.DefaultHandlerExceptionResolver : Resolved [org.springframework.web.HttpRequestMethodNotSupportedException: Request method 'GET' is not supported]
2026-03-03T16:52:33.966+01:00  WARN 1642039 --- [facade] [io-8080-exec-11] .w.s.m.s.DefaultHandlerExceptionResolver : Resolved [org.springframework.web.HttpRequestMethodNotSupportedException: Request method 'GET' is not supported]
2026-03-03T16:52:36.542+01:00  WARN 1642039 --- [facade] [io-8080-exec-13] .w.s.m.s.DefaultHandlerExceptionResolver : Resolved [org.springframework.web.HttpRequestMethodNotSupportedException: Request method 'GET' is not supported]
2026-03-03T16:52:40.886+01:00  WARN 1642039 --- [facade] [io-8080-exec-14] .w.s.m.s.DefaultHandlerExceptionResolver : Resolved [org.springframework.web.HttpRequestMethodNotSupportedException: Request method 'GET' is not supported]
2026-03-03T16:52:49.718+01:00  WARN 1642039 --- [facade] [io-8080-exec-17] .w.s.m.s.DefaultHandlerExceptionResolver : Resolved [org.springframework.web.HttpRequestMethodNotSupportedException: Request method 'GET' is not supported]
2026-03-03T16:52:55.511+01:00  WARN 1642039 --- [facade] [io-8080-exec-18] .w.s.m.s.DefaultHandlerExceptionResolver : Resolved [org.springframework.web.HttpRequestMethodNotSupportedException: Request method 'GET' is not supported]
2026-03-03T16:53:15.701+01:00  WARN 1642039 --- [facade] [io-8080-exec-15] .w.s.m.s.DefaultHandlerExceptionResolver : Resolved [org.springframework.web.HttpRequestMethodNotSupportedException: Request method 'GET' is not supported]
2026-03-03T16:53:39.230+01:00  WARN 1642039 --- [facade] [io-8080-exec-11] .w.s.m.s.DefaultHandlerExceptionResolver : Resolved [org.springframework.web.HttpRequestMethodNotSupportedException: Request method 'GET' is not supported]
2026-03-03T16:54:33.500+01:00  WARN 1642039 --- [facade] [io-8080-exec-14] .w.s.m.s.DefaultHandlerExceptionResolver : Resolved [org.springframework.web.HttpRequestMethodNotSupportedException: Request method 'GET' is not supported]
2026-03-03T16:54:35.576+01:00  WARN 1642039 --- [facade] [io-8080-exec-17] .w.s.m.s.DefaultHandlerExceptionResolver : Resolved [org.springframework.web.HttpRequestMethodNotSupportedException: Request method 'GET' is not supported]
2026-03-03T16:56:56.112+01:00  WARN 1642039 --- [facade] [io-8080-exec-19] .w.s.m.s.DefaultHandlerExceptionResolver : Resolved [org.springframework.web.HttpRequestMethodNotSupportedException: Request method 'GET' is not supported]
2026-03-03T16:56:57.095+01:00  WARN 1642039 --- [facade] [io-8080-exec-20] .w.s.m.s.DefaultHandlerExceptionResolver : Resolved [org.springframework.web.HttpRequestMethodNotSupportedException: Request method 'GET' is not supported]
2026-03-03T16:56:57.800+01:00  WARN 1642039 --- [facade] [io-8080-exec-15] .w.s.m.s.DefaultHandlerExceptionResolver : Resolved [org.springframework.web.HttpRequestMethodNotSupportedException: Request method 'GET' is not supported]
2026-03-03T16:56:58.439+01:00  WARN 1642039 --- [facade] [io-8080-exec-16] .w.s.m.s.DefaultHandlerExceptionResolver : Resolved [org.springframework.web.HttpRequestMethodNotSupportedException: Request method 'GET' is not supported]
2026-03-03T16:56:59.423+01:00  WARN 1642039 --- [facade] [io-8080-exec-12] .w.s.m.s.DefaultHandlerExceptionResolver : Resolved [org.springframework.web.HttpRequestMethodNotSupportedException: Request method 'GET' is not supported]
2026-03-03T16:56:59.846+01:00  WARN 1642039 --- [facade] [io-8080-exec-11] .w.s.m.s.DefaultHandlerExceptionResolver : Resolved [org.springframework.web.HttpRequestMethodNotSupportedException: Request method 'GET' is not supported]
2026-03-03T16:57:00.164+01:00  WARN 1642039 --- [facade] [io-8080-exec-13] .w.s.m.s.DefaultHandlerExceptionResolver : Resolved [org.springframework.web.HttpRequestMethodNotSupportedException: Request method 'GET' is not supported]
2026-03-03T16:57:00.423+01:00  WARN 1642039 --- [facade] [io-8080-exec-14] .w.s.m.s.DefaultHandlerExceptionResolver : Resolved [org.springframework.web.HttpRequestMethodNotSupportedException: Request method 'GET' is not supported]
2026-03-03T16:57:00.606+01:00  WARN 1642039 --- [facade] [io-8080-exec-17] .w.s.m.s.DefaultHandlerExceptionResolver : Resolved [org.springframework.web.HttpRequestMethodNotSupportedException: Request method 'GET' is not supported]
2026-03-03T16:57:00.814+01:00  WARN 1642039 --- [facade] [io-8080-exec-18] .w.s.m.s.DefaultHandlerExceptionResolver : Resolved [org.springframework.web.HttpRequestMethodNotSupportedException: Request method 'GET' is not supported]
2026-03-03T16:57:01.165+01:00  WARN 1642039 --- [facade] [io-8080-exec-19] .w.s.m.s.DefaultHandlerExceptionResolver : Resolved [org.springframework.web.HttpRequestMethodNotSupportedException: Request method 'GET' is not supported]
2026-03-03T16:57:01.335+01:00  WARN 1642039 --- [facade] [io-8080-exec-20] .w.s.m.s.DefaultHandlerExceptionResolver : Resolved [org.springframework.web.HttpRequestMethodNotSupportedException: Request method 'GET' is not supported]
2026-03-03T16:57:01.501+01:00  WARN 1642039 --- [facade] [io-8080-exec-15] .w.s.m.s.DefaultHandlerExceptionResolver : Resolved [org.springframework.web.HttpRequestMethodNotSupportedException: Request method 'GET' is not supported]
2026-03-03T16:58:14.136+01:00  WARN 1642039 --- [facade] [io-8080-exec-12] .w.s.m.s.DefaultHandlerExceptionResolver : Resolved [org.springframework.web.HttpRequestMethodNotSupportedException: Request method 'GET' is not supported]
2026-03-03T16:58:14.911+01:00  WARN 1642039 --- [facade] [io-8080-exec-11] .w.s.m.s.DefaultHandlerExceptionResolver : Resolved [org.springframework.web.HttpRequestMethodNotSupportedException: Request method 'GET' is not supported]
2026-03-03T16:58:15.534+01:00  WARN 1642039 --- [facade] [io-8080-exec-13] .w.s.m.s.DefaultHandlerExceptionResolver : Resolved [org.springframework.web.HttpRequestMethodNotSupportedException: Request method 'GET' is not supported]
2026-03-03T16:58:16.295+01:00  WARN 1642039 --- [facade] [io-8080-exec-14] .w.s.m.s.DefaultHandlerExceptionResolver : Resolved [org.springframework.web.HttpRequestMethodNotSupportedException: Request method 'GET' is not supported]
2026-03-03T16:58:18.624+01:00  WARN 1642039 --- [facade] [io-8080-exec-17] .w.s.m.s.DefaultHandlerExceptionResolver : Resolved [org.springframework.web.HttpRequestMethodNotSupportedException: Request method 'GET' is not supported]
2026-03-03T16:58:20.513+01:00  WARN 1642039 --- [facade] [io-8080-exec-18] .w.s.m.s.DefaultHandlerExceptionResolver : Resolved [org.springframework.web.HttpRequestMethodNotSupportedException: Request method 'GET' is not supported]
2026-03-03T16:58:22.128+01:00  WARN 1642039 --- [facade] [io-8080-exec-19] .w.s.m.s.DefaultHandlerExceptionResolver : Resolved [org.springframework.web.HttpRequestMethodNotSupportedException: Request method 'GET' is not supported]
2026-03-03T16:58:22.567+01:00  WARN 1642039 --- [facade] [io-8080-exec-20] .w.s.m.s.DefaultHandlerExceptionResolver : Resolved [org.springframework.web.HttpRequestMethodNotSupportedException: Request method 'GET' is not supported]
2026-03-03T16:58:22.832+01:00  WARN 1642039 --- [facade] [io-8080-exec-15] .w.s.m.s.DefaultHandlerExceptionResolver : Resolved [org.springframework.web.HttpRequestMethodNotSupportedException: Request method 'GET' is not supported]
2026-03-03T16:58:23.017+01:00  WARN 1642039 --- [facade] [io-8080-exec-16] .w.s.m.s.DefaultHandlerExceptionResolver : Resolved [org.springframework.web.HttpRequestMethodNotSupportedException: Request method 'GET' is not supported]
2026-03-03T16:58:23.399+01:00  WARN 1642039 --- [facade] [io-8080-exec-12] .w.s.m.s.DefaultHandlerExceptionResolver : Resolved [org.springframework.web.HttpRequestMethodNotSupportedException: Request method 'GET' is not supported]
2026-03-03T16:58:23.865+01:00  WARN 1642039 --- [facade] [io-8080-exec-11] .w.s.m.s.DefaultHandlerExceptionResolver : Resolved [org.springframework.web.HttpRequestMethodNotSupportedException: Request method 'GET' is not supported]
2026-03-03T16:58:24.052+01:00  WARN 1642039 --- [facade] [io-8080-exec-13] .w.s.m.s.DefaultHandlerExceptionResolver : Resolved [org.springframework.web.HttpRequestMethodNotSupportedException: Request method 'GET' is not supported]
2026-03-03T16:58:24.303+01:00  WARN 1642039 --- [facade] [io-8080-exec-14] .w.s.m.s.DefaultHandlerExceptionResolver : Resolved [org.springframework.web.HttpRequestMethodNotSupportedException: Request method 'GET' is not supported]
2026-03-03T16:58:30.111+01:00  WARN 1642039 --- [facade] [io-8080-exec-17] .w.s.m.s.DefaultHandlerExceptionResolver : Resolved [org.springframework.web.HttpRequestMethodNotSupportedException: Request method 'GET' is not supported]
2026-03-03T16:58:31.671+01:00  WARN 1642039 --- [facade] [io-8080-exec-18] .w.s.m.s.DefaultHandlerExceptionResolver : Resolved [org.springframework.web.HttpRequestMethodNotSupportedException: Request method 'GET' is not supported]
2026-03-03T16:58:39.040+01:00  WARN 1642039 --- [facade] [io-8080-exec-19] .w.s.m.s.DefaultHandlerExceptionResolver : Resolved [org.springframework.web.HttpRequestMethodNotSupportedException: Request method 'GET' is not supported]
2026-03-03T16:58:41.552+01:00  WARN 1642039 --- [facade] [io-8080-exec-20] .w.s.m.s.DefaultHandlerExceptionResolver : Resolved [org.springframework.web.HttpRequestMethodNotSupportedException: Request method 'GET' is not supported]
2026-03-03T16:58:43.120+01:00  WARN 1642039 --- [facade] [io-8080-exec-15] .w.s.m.s.DefaultHandlerExceptionResolver : Resolved [org.springframework.web.HttpRequestMethodNotSupportedException: Request method 'GET' is not supported]
2026-03-03T16:58:47.912+01:00  WARN 1642039 --- [facade] [io-8080-exec-16] .w.s.m.s.DefaultHandlerExceptionResolver : Resolved [org.springframework.web.HttpRequestMethodNotSupportedException: Request method 'GET' is not supported]
2026-03-03T16:59:39.117+01:00  WARN 1642039 --- [facade] [io-8080-exec-11] .w.s.m.s.DefaultHandlerExceptionResolver : Resolved [org.springframework.web.HttpRequestMethodNotSupportedException: Request method 'GET' is not supported]
2026-03-03T16:59:39.784+01:00  WARN 1642039 --- [facade] [io-8080-exec-13] .w.s.m.s.DefaultHandlerExceptionResolver : Resolved [org.springframework.web.HttpRequestMethodNotSupportedException: Request method 'GET' is not supported]
2026-03-03T17:01:02.239+01:00  WARN 1642039 --- [facade] [io-8080-exec-17] .w.s.m.s.DefaultHandlerExceptionResolver : Resolved [org.springframework.web.HttpRequestMethodNotSupportedException: Request method 'GET' is not supported]
2026-03-03T17:01:03.076+01:00  WARN 1642039 --- [facade] [io-8080-exec-18] .w.s.m.s.DefaultHandlerExceptionResolver : Resolved [org.springframework.web.HttpRequestMethodNotSupportedException: Request method 'GET' is not supported]
2026-03-03T17:01:03.584+01:00  WARN 1642039 --- [facade] [io-8080-exec-19] .w.s.m.s.DefaultHandlerExceptionResolver : Resolved [org.springframework.web.HttpRequestMethodNotSupportedException: Request method 'GET' is not supported]
2026-03-03T17:01:03.934+01:00  WARN 1642039 --- [facade] [io-8080-exec-20] .w.s.m.s.DefaultHandlerExceptionResolver : Resolved [org.springframework.web.HttpRequestMethodNotSupportedException: Request method 'GET' is not supported]
2026-03-03T17:01:04.160+01:00  WARN 1642039 --- [facade] [io-8080-exec-15] .w.s.m.s.DefaultHandlerExceptionResolver : Resolved [org.springframework.web.HttpRequestMethodNotSupportedException: Request method 'GET' is not supported]
2026-03-03T17:01:04.367+01:00  WARN 1642039 --- [facade] [io-8080-exec-16] .w.s.m.s.DefaultHandlerExceptionResolver : Resolved [org.springframework.web.HttpRequestMethodNotSupportedException: Request method 'GET' is not supported]
2026-03-03T17:01:04.567+01:00  WARN 1642039 --- [facade] [io-8080-exec-12] .w.s.m.s.DefaultHandlerExceptionResolver : Resolved [org.springframework.web.HttpRequestMethodNotSupportedException: Request method 'GET' is not supported]
2026-03-03T17:01:04.774+01:00  WARN 1642039 --- [facade] [io-8080-exec-11] .w.s.m.s.DefaultHandlerExceptionResolver : Resolved [org.springframework.web.HttpRequestMethodNotSupportedException: Request method 'GET' is not supported]
2026-03-03T17:01:05.296+01:00  WARN 1642039 --- [facade] [io-8080-exec-13] .w.s.m.s.DefaultHandlerExceptionResolver : Resolved [org.springframework.web.HttpRequestMethodNotSupportedException: Request method 'GET' is not supported]
2026-03-03T17:01:06.840+01:00  WARN 1642039 --- [facade] [io-8080-exec-14] .w.s.m.s.DefaultHandlerExceptionResolver : Resolved [org.springframework.web.HttpRequestMethodNotSupportedException: Request method 'GET' is not supported]
2026-03-03T17:01:14.034+01:00  WARN 1642039 --- [facade] [io-8080-exec-17] .w.s.m.s.DefaultHandlerExceptionResolver : Resolved [org.springframework.web.HttpRequestMethodNotSupportedException: Request method 'GET' is not supported]
2026-03-03T17:01:20.882+01:00  WARN 1642039 --- [facade] [io-8080-exec-18] .w.s.m.s.DefaultHandlerExceptionResolver : Resolved [org.springframework.web.HttpRequestMethodNotSupportedException: Request method 'GET' is not supported]
2026-03-03T17:01:22.953+01:00  WARN 1642039 --- [facade] [io-8080-exec-19] .w.s.m.s.DefaultHandlerExceptionResolver : Resolved [org.springframework.web.HttpRequestMethodNotSupportedException: Request method 'GET' is not supported]
2026-03-03T17:01:24.057+01:00  WARN 1642039 --- [facade] [io-8080-exec-20] .w.s.m.s.DefaultHandlerExceptionResolver : Resolved [org.springframework.web.HttpRequestMethodNotSupportedException: Request method 'GET' is not supported]
2026-03-03T17:01:25.368+01:00  WARN 1642039 --- [facade] [io-8080-exec-15] .w.s.m.s.DefaultHandlerExceptionResolver : Resolved [org.springframework.web.HttpRequestMethodNotSupportedException: Request method 'GET' is not supported]
2026-03-03T17:01:26.489+01:00  WARN 1642039 --- [facade] [io-8080-exec-16] .w.s.m.s.DefaultHandlerExceptionResolver : Resolved [org.springframework.web.HttpRequestMethodNotSupportedException: Request method 'GET' is not supported]
2026-03-03T17:01:29.579+01:00  WARN 1642039 --- [facade] [io-8080-exec-12] .w.s.m.s.DefaultHandlerExceptionResolver : Resolved [org.springframework.web.HttpRequestMethodNotSupportedException: Request method 'GET' is not supported]
2026-03-03T17:01:32.066+01:00  WARN 1642039 --- [facade] [io-8080-exec-11] .w.s.m.s.DefaultHandlerExceptionResolver : Resolved [org.springframework.web.HttpRequestMethodNotSupportedException: Request method 'GET' is not supported]
2026-03-03T17:02:03.065+01:00  WARN 1642039 --- [facade] [io-8080-exec-17] .w.s.m.s.DefaultHandlerExceptionResolver : Resolved [org.springframework.web.HttpRequestMethodNotSupportedException: Request method 'GET' is not supported]
2026-03-03T17:04:07.740+01:00  WARN 1642039 --- [facade] [io-8080-exec-19] .w.s.m.s.DefaultHandlerExceptionResolver : Resolved [org.springframework.web.HttpRequestMethodNotSupportedException: Request method 'GET' is not supported]
2026-03-03T17:04:10.779+01:00  WARN 1642039 --- [facade] [io-8080-exec-20] .w.s.m.s.DefaultHandlerExceptionResolver : Resolved [org.springframework.web.HttpRequestMethodNotSupportedException: Request method 'GET' is not supported]
2026-03-03T17:04:13.562+01:00  WARN 1642039 --- [facade] [io-8080-exec-15] .w.s.m.s.DefaultHandlerExceptionResolver : Resolved [org.springframework.web.HttpRequestMethodNotSupportedException: Request method 'GET' is not supported]
2026-03-03T17:04:20.031+01:00  WARN 1642039 --- [facade] [io-8080-exec-16] .w.s.m.s.DefaultHandlerExceptionResolver : Resolved [org.springframework.web.HttpRequestMethodNotSupportedException: Request method 'GET' is not supported]
2026-03-03T17:06:41.743+01:00  WARN 1642039 --- [facade] [io-8080-exec-11] .w.s.m.s.DefaultHandlerExceptionResolver : Resolved [org.springframework.web.HttpRequestMethodNotSupportedException: Request method 'GET' is not supported]
2026-03-03T17:07:40.321+01:00  WARN 1642039 --- [facade] [io-8080-exec-14] .w.s.m.s.DefaultHandlerExceptionResolver : Resolved [org.springframework.web.HttpRequestMethodNotSupportedException: Request method 'GET' is not supported]
2026-03-03T17:07:41.042+01:00  WARN 1642039 --- [facade] [io-8080-exec-17] .w.s.m.s.DefaultHandlerExceptionResolver : Resolved [org.springframework.web.HttpRequestMethodNotSupportedException: Request method 'GET' is not supported]
2026-03-03T17:07:41.602+01:00  WARN 1642039 --- [facade] [io-8080-exec-18] .w.s.m.s.DefaultHandlerExceptionResolver : Resolved [org.springframework.web.HttpRequestMethodNotSupportedException: Request method 'GET' is not supported]
2026-03-03T17:07:42.000+01:00  WARN 1642039 --- [facade] [io-8080-exec-19] .w.s.m.s.DefaultHandlerExceptionResolver : Resolved [org.springframework.web.HttpRequestMethodNotSupportedException: Request method 'GET' is not supported]
2026-03-03T17:07:53.730+01:00  WARN 1642039 --- [facade] [io-8080-exec-20] .w.s.m.s.DefaultHandlerExceptionResolver : Resolved [org.springframework.web.HttpRequestMethodNotSupportedException: Request method 'GET' is not supported]
2026-03-03T17:07:56.666+01:00  WARN 1642039 --- [facade] [io-8080-exec-15] .w.s.m.s.DefaultHandlerExceptionResolver : Resolved [org.springframework.web.HttpRequestMethodNotSupportedException: Request method 'GET' is not supported]
2026-03-03T17:07:57.755+01:00  WARN 1642039 --- [facade] [io-8080-exec-16] .w.s.m.s.DefaultHandlerExceptionResolver : Resolved [org.springframework.web.HttpRequestMethodNotSupportedException: Request method 'GET' is not supported]
2026-03-03T17:07:58.811+01:00  WARN 1642039 --- [facade] [io-8080-exec-12] .w.s.m.s.DefaultHandlerExceptionResolver : Resolved [org.springframework.web.HttpRequestMethodNotSupportedException: Request method 'GET' is not supported]
2026-03-03T17:10:05.636+01:00  WARN 1642039 --- [facade] [io-8080-exec-17] .w.s.m.s.DefaultHandlerExceptionResolver : Resolved [org.springframework.web.HttpRequestMethodNotSupportedException: Request method 'GET' is not supported]
2026-03-03T17:10:07.731+01:00  WARN 1642039 --- [facade] [io-8080-exec-18] .w.s.m.s.DefaultHandlerExceptionResolver : Resolved [org.springframework.web.HttpRequestMethodNotSupportedException: Request method 'GET' is not supported]
2026-03-03T17:10:41.715+01:00  WARN 1642039 --- [facade] [io-8080-exec-20] .w.s.m.s.DefaultHandlerExceptionResolver : Resolved [org.springframework.web.HttpRequestMethodNotSupportedException: Request method 'GET' is not supported]
2026-03-03T17:11:18.387+01:00  WARN 1642039 --- [facade] [io-8080-exec-16] .w.s.m.s.DefaultHandlerExceptionResolver : Resolved [org.springframework.web.HttpRequestMethodNotSupportedException: Request method 'GET' is not supported]
2026-03-03T17:11:21.795+01:00  WARN 1642039 --- [facade] [io-8080-exec-12] .w.s.m.s.DefaultHandlerExceptionResolver : Resolved [org.springframework.web.HttpRequestMethodNotSupportedException: Request method 'GET' is not supported]
03-Mar-2026 17:15:46.080 INFOS [main] org.apache.catalina.core.StandardServer.await Une commande d'arrêt valide a été reçue sur le port d'arrêt, arrêt de l'instance du serveur
03-Mar-2026 17:15:46.082 INFOS [main] org.apache.coyote.AbstractProtocol.pause Le gestionnaire de protocole ["http-nio-8080"] est mis en pause
03-Mar-2026 17:15:46.085 INFOS [main] org.apache.catalina.core.StandardService.stopInternal Arrêt du service [Catalina]
2026-03-03T17:15:46.132+01:00  INFO 1642039 --- [facade] [           main] j.LocalContainerEntityManagerFactoryBean : Closing JPA EntityManagerFactory for persistence unit 'default'
03-Mar-2026 17:15:46.207 INFOS [main] org.apache.coyote.AbstractProtocol.stop Arrêt du gestionnaire de protocole ["http-nio-8080"]
03-Mar-2026 17:15:46.218 INFOS [main] org.apache.coyote.AbstractProtocol.destroy Destruction du gestionnaire de protocole ["http-nio-8080"]
